-- Insert into dim_product
INSERT IGNORE INTO dim_product (prod_sku_id, prod_sku_name, prod_brand, market_name) VALUES
('P472', 'iphone-13', 'Apple', 'Apple IPhone 13'),
('P473', 'iphone-13-promax', 'Apple', 'Apply IPhone 13 Pro Max'),
('P474', 'macbook-pro-13', 'Apple', 'Apple Macbook Pro 13\'\''),
('P475', 'macbook-air-13', 'Apple', 'Apple Makbook Air 13\'\''),
('P476', 'ipad', 'Apple', 'Apple IPad'),
('P477', 'ipad-pro', 'Apple', 'Apple IPad Pro'),
('P478', 'galaxy-s21', 'Samsung', 'Samsung Galaxy S21'),
('P479', 'galaxy-s22plus', 'Samsung', 'Samsung Galaxy S22+'),
('P480', 'galaxy-watch4', 'Samsung', 'Samsung Galaxy Watch4'),
('P481', 'galaxy-tab-a', 'Samsung', 'Samsung Galaxy Tab A'),
('P482', 'galaxy-tab-s8', 'Samsung', 'Samsung Galaxy Tab 8'),
('P483', 'xps-13', 'Dell', 'Dell XPS13'),
('P484', 'inspiron-13', 'Dell', 'Dell Inspiron 13'),
('P485', 'powershot-g7', 'Canon', 'Canon PowerShot G7 X Mark III'),
('P486', 'hero-10', 'GoPro', 'GoPro Hero 10'),
('P487', 'max', 'GoPro', 'GoPro Max'),
('P488', 'charge-5', 'JBL', 'JBL Charge 5'),
('P489', 'tuner-xl', 'JBL', 'JBL Tuner XL');
-- Insert into map_customer_territory
INSERT IGNORE INTO map_customer_territory (cust_id, territory_id) VALUES
('C273', 'T3'),
('C274', 'T3'),
('C275', 'T1'),
('C276', 'T1'),
('C277', 'T1'),
('C278', 'T2'),
('C279', 'T2'),
('C280', 'T4'),
('C281', 'T4'),
('C282', 'T4'),
('C283', 'T4'),
('C284', 'T5'),
('C285', 'T5'),
('C286', 'T3'),
('C287', 'T3');
-- Insert into fct_customer_sales
INSERT IGNORE INTO fct_customer_sales (cust_id, prod_sku_id, order_date, order_value, order_id) VALUES
('C274', 'P474', '2021-06-28', 1500, 'O110'),
('C285', 'P472', '2021-06-28', 899, 'O118'),
('C282', 'P487', '2021-06-30', 500, 'O125'),
('C282', 'P476', '2021-07-02', 999, 'O146'),
('C284', 'P487', '2021-07-07', 500, 'O149'),
('C285', 'P478', '2021-07-12', 700, 'O150'),
('C287', 'P489', '2021-07-13', 189, 'O151'),
('C284', 'P482', '2021-07-15', 725, 'O156'),
('C281', 'P482', '2021-07-19', 725, 'O164'),
('C282', 'P480', '2021-07-22', 300, 'O172'),
('C281', 'P477', '2021-07-23', 1400, 'O174'),
('C273', 'P487', '2021-07-26', 500, 'O181'),
('C287', 'P482', '2021-07-27', 725, 'O186'),
('C280', 'P482', '2021-07-30', 725, 'O190'),
('C282', 'P482', '2021-08-09', 725, 'O202'),
('C280', 'P475', '2021-08-10', 1200, 'O203'),
('C285', 'P487', '2021-08-11', 500, 'O219'),
('C282', 'P486', '2021-08-12', 420, 'O228'),
('C285', 'P479', '2021-08-12', 1020, 'O242'),
('C276', 'P477', '2021-08-13', 1400, 'O244'),
('C283', 'P476', '2021-08-18', 999, 'O246'),
('C285', 'P474', '2021-08-18', 1500, 'O275'),
('C273', 'P482', '2021-08-19', 725, 'O276'),
('C280', 'P474', '2020-08-19', 1500, 'O290'),
('C277', 'P480', '2021-08-23', 300, 'O293'),
('C284', 'P482', '2021-08-30', 725, 'O313'),
('C287', 'P479', '2021-08-31', 1020, 'O315'),
('C277', 'P484', '2021-09-08', 899, 'O322'),
('C275', 'P479', '2021-09-10', 1020, 'O336'),
('C275', 'P475', '2021-09-13', 1200, 'O337'),
('C283', 'P482', '2021-09-13', 725, 'O368'),
('C283', 'P486', '2021-09-14', 420, 'O371'),
('C282', 'P482', '2021-09-20', 725, 'O381'),
('C273', 'P487', '2021-09-23', 500, 'O385'),
('C285', 'P472', '2021-10-01', 899, 'O398'),
('C283', 'P475', '2021-10-04', 1200, 'O399'),
('C279', 'P479', '2021-10-04', 1020, 'O423'),
('C273', 'P472', '2021-10-06', 899, 'O430'),
('C274', 'P476', '2021-10-06', 999, 'O438'),
('C278', 'P478', '2021-10-08', 700, 'O445'),
('C278', 'P472', '2021-10-11', 899, 'O487'),
('C285', 'P486', '2021-10-12', 420, 'O500'),
('C273', 'P487', '2021-10-15', 500, 'O513'),
('C284', 'P489', '2021-10-18', 189, 'O518'),
('C283', 'P486', '2021-10-19', 420, 'O523'),
('C283', 'P477', '2021-10-22', 1400, 'O566'),
('C284', 'P472', '2021-10-25', 899, 'O567'),
('C277', 'P482', '2021-10-29', 725, 'O571'),
('C280', 'P482', '2021-11-03', 725, 'O599'),
('C278', 'P480', '2021-11-04', 300, 'O618'),
('C277', 'P489', '2021-11-05', 189, 'O620'),
('C281', 'P482', '2021-11-09', 725, 'O626'),
('C283', 'P480', '2021-11-11', 300, 'O645'),
('C284', 'P487', '2021-11-15', 500, 'O657'),
('C275', 'P479', '2021-11-19', 1020, 'O680'),
('C281', 'P479', '2021-11-22', 1020, 'O681'),
('C285', 'P480', '2021-11-22', 300, 'O713'),
('C284', 'P476', '2021-11-23', 999, 'O728'),
('C274', 'P485', '2011-11-24', 629, 'O745'),
('C286', 'P474', '2021-11-25', 1500, 'O747'),
('C286', 'P484', '2021-11-26', 899, 'O752'),
('C277', 'P472', '2021-11-29', 899, 'O776'),
('C281', 'P484', '2021-11-30', 899, 'O788'),
('C275', 'P474', '2021-12-01', 1500, 'O796'),
('C280', 'P475', '2021-12-03', 1200, 'O831'),
('C285', 'P480', '2021-12-10', 300, 'O834'),
('C286', 'P487', '2021-12-13', 500, 'O835'),
('C281', 'P476', '2021-12-15', 999, 'O844'),
('C284', 'P486', '2021-12-15', 420, 'O853'),
('C283', 'P478', '2021-12-16', 700, 'O858'),
('C285', 'P489', '2021-12-16', 189, 'O881'),
('C285', 'P484', '2021-12-20', 899, 'O887'),
('C286', 'P489', '2021-12-20', 189, 'O893'),
('C287', 'P485', '2021-12-24', 629, 'O906'),
('C280', 'P477', '2021-12-24', 1400, 'O922'),
('C276', 'P478', '2021-12-31', 700, 'O951'),
('C283', 'P486', '2022-01-03', 420, 'O963'),
('C281', 'P489', '2022-01-11', 189, 'O991');


-- Insert web log data
INSERT IGNORE INTO facebook_web_log (user_id, timestamp, action) VALUES
(0, '2019-04-25 13:30:15', 'page_load'),
(0, '2019-04-25 13:30:18', 'page_load'),
(0, '2019-04-25 13:30:40', 'scroll_down'),
(0, '2019-04-25 13:30:45', 'scroll_up'),
(0, '2019-04-25 13:31:10', 'scroll_down'),
(0, '2019-04-25 13:31:25', 'scroll_down'),
(0, '2019-04-25 13:31:40', 'page_exit'),
(1, '2019-04-25 13:40:00', 'page_load'),
(1, '2019-04-25 13:40:10', 'scroll_down'),
(1, '2019-04-25 13:40:15', 'scroll_down'),
(1, '2019-04-25 13:40:20', 'scroll_down'),
(1, '2019-04-25 13:40:25', 'scroll_down'),
(1, '2019-04-25 13:40:30', 'scroll_down'),
(1, '2019-04-25 13:40:35', 'page_exit'),
(2, '2019-04-25 13:41:21', 'page_load'),
(2, '2019-04-25 13:41:30', 'scroll_down'),
(2, '2019-04-25 13:41:35', 'scroll_down'),
(2, '2019-04-25 13:41:40', 'scroll_up'),
(1, '2019-04-26 11:15:00', 'page_load'),
(1, '2019-04-26 11:15:10', 'scroll_down'),
(1, '2019-04-26 11:15:20', 'scroll_down'),
(1, '2019-04-26 11:15:25', 'scroll_up'),
(1, '2019-04-26 11:15:35', 'page_exit'),
(0, '2019-04-28 14:30:15', 'page_load'),
(0, '2019-04-28 14:30:10', 'page_load'),
(0, '2019-04-28 13:30:40', 'scroll_down'),
(0, '2019-04-28 15:31:40', 'page_exit');


-- Insert transactions data
INSERT IGNORE INTO sf_transactions (id, created_at, transaction_value, purchase_id) VALUES
(1, '2019-01-01', 172692, 43),
(2, '2019-01-05', 177194, 36),
(3, '2019-01-09', 109513, 30),
(4, '2019-01-13', 164911, 30),
(5, '2019-01-17', 198872, 39),
(6, '2019-01-21', 184853, 31),
(7, '2019-01-25', 186817, 26),
(8, '2019-01-29', 137784, 22),
(9, '2019-02-02', 140032, 25),
(10, '2019-02-06', 116948, 43),
(11, '2019-02-10', 162515, 25),
(12, '2019-02-14', 114256, 12),
(13, '2019-02-18', 197465, 48),
(14, '2019-02-22', 120741, 20),
(15, '2019-02-26', 100074, 49),
(16, '2019-03-02', 157548, 19),
(17, '2019-03-06', 105506, 16),
(18, '2019-03-10', 189351, 46),
(19, '2019-03-14', 191231, 29),
(20, '2019-03-18', 120575, 44),
(21, '2019-03-22', 151688, 47),
(22, '2019-03-26', 102327, 18),
(23, '2019-03-30', 156147, 25),
(24, '2019-04-03', 192530, 36),
(25, '2019-04-07', 154765, 42),
(26, '2019-04-11', 113336, 12),
(27, '2019-04-15', 129073, 50),
(28, '2019-04-19', 123477, 21),
(29, '2019-04-23', 182142, 31),
(30, '2019-04-27', 116546, 39),
(31, '2019-05-01', 174748, 26),
(32, '2019-05-05', 155693, 42),
(33, '2019-05-09', 103012, 25),
(34, '2019-05-13', 187960, 33),
(35, '2019-05-17', 101202, 18),
(36, '2019-05-21', 112522, 10),
(37, '2019-05-25', 195969, 37),
(38, '2019-05-29', 117284, 40),
(39, '2019-06-02', 112956, 36),
(40, '2019-06-06', 174157, 29),
(41, '2019-06-10', 125975, 45),
(42, '2019-06-14', 110340, 29),
(43, '2019-06-18', 143066, 31),
(44, '2019-06-22', 153270, 11),
(45, '2019-06-26', 139635, 29),
(46, '2019-06-30', 157071, 35),
(47, '2019-07-04', 166552, 18),
(48, '2019-07-08', 197587, 34),
(49, '2019-07-12', 103958, 37),
(50, '2019-07-16', 111305, 28),
(51, '2019-07-20', 190266, 39),
(52, '2019-07-24', 116060, 44),
(53, '2019-07-28', 163802, 48),
(54, '2019-08-01', 188558, 21),
(55, '2019-08-05', 166528, 49),
(56, '2019-08-09', 141463, 28),
(57, '2019-08-13', 120110, 34),
(58, '2019-08-17', 159368, 12),
(59, '2019-08-21', 184900, 46),
(60, '2019-08-25', 190372, 38),
(61, '2019-08-29', 195877, 15),
(62, '2019-09-02', 143221, 21),
(63, '2019-09-06', 160413, 41),
(64, '2019-09-10', 183919, 43),
(65, '2019-09-14', 134535, 34),
(66, '2019-09-18', 188646, 31),
(67, '2019-09-22', 122706, 27),
(68, '2019-09-26', 160016, 21),
(69, '2019-09-30', 186777, 21),
(70, '2019-10-04', 165442, 50),
(71, '2019-10-08', 172445, 43),
(72, '2019-10-12', 167910, 21),
(73, '2019-10-16', 116646, 35),
(74, '2019-10-20', 163287, 15),
(75, '2019-10-24', 187293, 43),
(76, '2019-10-28', 144823, 11),
(77, '2019-11-01', 118317, 10),
(78, '2019-11-05', 166105, 38),
(79, '2019-11-09', 121128, 11),
(80, '2019-11-13', 177355, 38),
(81, '2019-11-17', 176442, 50),
(82, '2019-11-21', 129837, 10),
(83, '2019-11-25', 122363, 38),
(84, '2019-11-29', 125469, 10),
(85, '2019-12-03', 109657, 20),
(86, '2019-12-07', 108782, 35),
(87, '2019-12-11', 149235, 18),
(88, '2019-12-15', 187243, 36),
(89, '2019-12-19', 152538, 20),
(90, '2019-12-23', 178861, 34),
(91, '2019-12-27', 122675, 30),
(92, '2019-12-31', 104037, 18);

-- Insert data into contracts
INSERT IGNORE INTO contracts (customer_id, num_seats, yearly_seat_cost) VALUES
(2690, 50, 25),
(4520, 200, 50),
(4520, 150, 50),
(4520, 150, 50),
(7832, 878, 50);

-- Insert data into customers
INSERT IGNORE INTO customers (customer_id, name, employee_count) VALUES
(4520, 'Bell Labs', 500),
(2690, 'DescisionEnablers', 99),
(7832, 'GitHub', 878);


-- Insert statement for all fraud_score records
INSERT IGNORE INTO fraud_score (policy_num, state, claim_cost, fraud_score) VALUES
('ABCD1001', 'CA', 4113, 0.61),
('ABCD1002', 'CA', 3946, 0.16),
('ABCD1003', 'CA', 4335, 0.01),
('ABCD1004', 'CA', 3967, 0.14),
('ABCD1005', 'CA', 1599, 0.89),
('ABCD1006', 'CA', 1021, 0.87),
('ABCD1007', 'CA', 1725, 0.51),
('ABCD1008', 'CA', 1794, 0.35),
('ABCD1009', 'CA', 4593, 0.57),
('ABCD1010', 'CA', 3430, 0.93),
('ABCD1011', 'CA', 4648, 0.18),
('ABCD1012', 'CA', 3963, 0.51),
('ABCD1013', 'CA', 3284, 0.22),
('ABCD1014', 'CA', 1068, 0.03),
('ABCD1015', 'CA', 4171, 0.37),
('ABCD1016', 'CA', 1639, 0.96),
('ABCD1017', 'CA', 2171, 0.29),
('ABCD1018', 'CA', 2627, 0.34),
('ABCD1019', 'CA', 1681, 0.18),
('ABCD1020', 'CA', 1516, 0.07),
('ABCD1021', 'CA', 4898, 0.95),
('ABCD1022', 'CA', 1149, 0.91),
('ABCD1023', 'CA', 2613, 0.36),
('ABCD1024', 'CA', 4202, 0.68),
('ABCD1025', 'CA', 2861, 0.21),
('ABCD1026', 'CA', 1745, 0.55),
('ABCD1027', 'CA', 2663, 0.99),
('ABCD1028', 'CA', 1920, 0.08),
('ABCD1029', 'CA', 4780, 0.45),
('ABCD1030', 'CA', 1336, 0.93),
('ABCD1031', 'CA', 3895, 0.02),
('ABCD1032', 'CA', 2329, 0.33),
('ABCD1033', 'CA', 4833, 0.84),
('ABCD1034', 'CA', 3995, 0.51),
('ABCD1035', 'CA', 1578, 0.44),
('ABCD1036', 'CA', 3935, 0.29),
('ABCD1037', 'CA', 1662, 0.17),
('ABCD1038', 'CA', 2476, 0.75),
('ABCD1039', 'CA', 4388, 0.19),
('ABCD1040', 'CA', 3426, 0.61),
('ABCD1041', 'CA', 3241, 0.84),
('ABCD1042', 'CA', 4674, 0.91),
('ABCD1043', 'CA', 4683, 0.11),
('ABCD1044', 'CA', 3412, 0.53),
('ABCD1045', 'CA', 1088, 0.37),
('ABCD1046', 'CA', 2368, 0.72),
('ABCD1047', 'CA', 3253, 0.08),
('ABCD1048', 'CA', 2558, 0.28),
('ABCD1049', 'CA', 4067, 0.74),
('ABCD1050', 'CA', 4810, 0.58),
('ABCD1051', 'CA', 2418, 0.59),
('ABCD1052', 'CA', 1778, 0.13),
('ABCD1053', 'CA', 4495, 0.11),
('ABCD1054', 'CA', 2814, 0.22),
('ABCD1055', 'CA', 4269, 0.11),
('ABCD1056', 'CA', 2547, 0.48),
('ABCD1057', 'CA', 2115, 0.85),
('ABCD1058', 'CA', 1905, 0.54),
('ABCD1059', 'CA', 4949, 0.44),
('ABCD1060', 'CA', 2178, 0.04),
('ABCD1061', 'CA', 4379, 0.66),
('ABCD1062', 'CA', 1898, 0.24),
('ABCD1063', 'CA', 4548, 0.62),
('ABCD1064', 'CA', 4280, 0.37),
('ABCD1065', 'CA', 3398, 0.06),
('ABCD1066', 'CA', 4106, 0.29),
('ABCD1067', 'CA', 1911, 0.89),
('ABCD1068', 'CA', 3143, 0.26),
('ABCD1069', 'CA', 1426, 0.95),
('ABCD1070', 'CA', 3271, 0.60),
('ABCD1071', 'CA', 2584, 0.88),
('ABCD1072', 'CA', 1777, 0.34),
('ABCD1073', 'CA', 3896, 0.86),
('ABCD1074', 'CA', 1739, 0.89),
('ABCD1075', 'CA', 3410, 0.23),
('ABCD1076', 'CA', 4004, 0.33),
('ABCD1077', 'CA', 1462, 0.04),
('ABCD1078', 'CA', 4983, 0.46),
('ABCD1079', 'CA', 4224, 0.96),
('ABCD1080', 'CA', 4653, 0.77),
('ABCD1081', 'CA', 1080, 0.95),
('ABCD1082', 'CA', 4517, 0.53),
('ABCD1083', 'CA', 2217, 0.80),
('ABCD1084', 'CA', 2804, 0.93),
('ABCD1085', 'CA', 2192, 0.60),
('ABCD1086', 'CA', 4516, 0.93),
('ABCD1087', 'CA', 3345, 0.01),
('ABCD1088', 'CA', 4093, 0.45),
('ABCD1089', 'CA', 3137, 0.19),
('ABCD1090', 'CA', 4611, 0.12),
('ABCD1091', 'CA', 4863, 0.74),
('ABCD1092', 'CA', 2465, 0.28),
('ABCD1093', 'CA', 1368, 0.34),
('ABCD1094', 'CA', 3803, 0.34),
('ABCD1095', 'CA', 4309, 0.44),
('ABCD1096', 'CA', 1492, 0.83),
('ABCD1097', 'CA', 3330, 0.65),
('ABCD1098', 'CA', 1749, 0.78),
('ABCD1099', 'CA', 4692, 0.08),
('ABCD1100', 'NY', 1479, 0.92),
('ABCD1101', 'NY', 3338, 0.53),
('ABCD1102', 'NY', 3156, 0.83),
('ABCD1103', 'NY', 3279, 0.01),
('ABCD1104', 'NY', 4041, 0.52),
('ABCD1105', 'NY', 3138, 0.09),
('ABCD1106', 'NY', 2681, 0.33),
('ABCD1107', 'NY', 3354, 0.51),
('ABCD1108', 'NY', 4803, 0.07),
('ABCD1109', 'NY', 3715, 0.41),
('ABCD1110', 'NY', 3848, 0.96),
('ABCD1111', 'NY', 4243, 0.60),
('ABCD1112', 'NY', 3673, 0.78),
('ABCD1113', 'NY', 2506, 0.39),
('ABCD1114', 'NY', 2833, 0.53),
('ABCD1115', 'NY', 3494, 0.52),
('ABCD1116', 'NY', 3649, 0.82),
('ABCD1117', 'NY', 4903, 0.98),
('ABCD1118', 'NY', 3666, 0.16),
('ABCD1119', 'NY', 1176, 0.67),
('ABCD1120', 'NY', 3652, 0.60),
('ABCD1121', 'NY', 4009, 0.97),
('ABCD1122', 'NY', 2700, 0.14),
('ABCD1123', 'NY', 3612, 0.00),
('ABCD1124', 'NY', 2755, 0.56),
('ABCD1125', 'NY', 1904, 0.97),
('ABCD1126', 'NY', 2632, 0.62),
('ABCD1127', 'NY', 1973, 0.94),
('ABCD1128', 'NY', 4540, 0.82),
('ABCD1129', 'NY', 1988, 0.54),
('ABCD1130', 'NY', 1072, 0.01),
('ABCD1131', 'NY', 2135, 0.23),
('ABCD1132', 'NY', 1331, 0.15),
('ABCD1133', 'NY', 3007, 0.59),
('ABCD1134', 'NY', 4137, 0.02),
('ABCD1135', 'NY', 3437, 0.79),
('ABCD1136', 'NY', 2558, 0.59),
('ABCD1137', 'NY', 1972, 0.78),
('ABCD1138', 'NY', 3132, 0.46),
('ABCD1139', 'NY', 2649, 0.21),
('ABCD1140', 'NY', 3353, 0.71),
('ABCD1141', 'NY', 3731, 0.84),
('ABCD1142', 'NY', 4142, 0.79),
('ABCD1143', 'NY', 3079, 0.24),
('ABCD1144', 'NY', 4391, 0.75),
('ABCD1145', 'NY', 3121, 0.38),
('ABCD1146', 'NY', 4819, 0.43),
('ABCD1147', 'NY', 2857, 0.60),
('ABCD1148', 'NY', 4870, 0.54),
('ABCD1149', 'NY', 4183, 0.34),
('ABCD1150', 'NY', 1997, 0.03),
('ABCD1151', 'NY', 2874, 0.96),
('ABCD1152', 'NY', 1494, 0.64),
('ABCD1153', 'NY', 1385, 0.79),
('ABCD1154', 'NY', 2956, 0.54),
('ABCD1155', 'NY', 2139, 0.44),
('ABCD1156', 'NY', 1238, 0.25),
('ABCD1157', 'NY', 4017, 0.64),
('ABCD1158', 'NY', 2958, 0.28),
('ABCD1159', 'NY', 4794, 0.02),
('ABCD1160', 'NY', 3953, 0.17),
('ABCD1161', 'NY', 3332, 0.10),
('ABCD1162', 'NY', 2854, 0.22),
('ABCD1163', 'NY', 3296, 0.06),
('ABCD1164', 'NY', 3813, 0.72),
('ABCD1165', 'NY', 4271, 0.64),
('ABCD1166', 'NY', 2521, 0.56),
('ABCD1167', 'NY', 2692, 0.10),
('ABCD1168', 'NY', 3173, 0.41),
('ABCD1169', 'NY', 2981, 0.57),
('ABCD1170', 'NY', 1827, 0.20),
('ABCD1171', 'NY', 1622, 0.53),
('ABCD1172', 'NY', 2902, 0.88),
('ABCD1173', 'NY', 2887, 0.04),
('ABCD1174', 'NY', 3547, 0.44),
('ABCD1175', 'NY', 4331, 0.71),
('ABCD1176', 'NY', 2501, 0.84),
('ABCD1177', 'NY', 2705, 0.56),
('ABCD1178', 'NY', 4471, 0.40),
('ABCD1179', 'NY', 2917, 0.17),
('ABCD1180', 'NY', 2026, 0.92),
('ABCD1181', 'NY', 4174, 0.27),
('ABCD1182', 'NY', 4839, 0.85),
('ABCD1183', 'NY', 3105, 0.05),
('ABCD1184', 'NY', 1666, 0.88),
('ABCD1185', 'NY', 1283, 0.00),
('ABCD1186', 'NY', 4879, 0.40),
('ABCD1187', 'NY', 3722, 0.98),
('ABCD1188', 'NY', 2158, 0.51),
('ABCD1189', 'NY', 3577, 0.98),
('ABCD1190', 'NY', 3451, 0.94),
('ABCD1191', 'NY', 4179, 0.76),
('ABCD1192', 'NY', 1249, 0.38),
('ABCD1193', 'NY', 2660, 0.26),
('ABCD1194', 'NY', 1242, 0.92),
('ABCD1195', 'NY', 1036, 0.06),
('ABCD1196', 'NY', 2994, 0.97),
('ABCD1197', 'NY', 3753, 0.41),
('ABCD1198', 'NY', 2246, 0.67),
('ABCD1199', 'NY', 2335, 0.88),
('ABCD1200', 'FL', 3271, 0.63),
('ABCD1201', 'FL', 4033, 0.50),
('ABCD1202', 'FL', 1083, 0.90),
('ABCD1203', 'FL', 2188, 0.80),
('ABCD1204', 'FL', 3340, 0.77),
('ABCD1205', 'FL', 2986, 0.03),
('ABCD1206', 'FL', 2971, 0.46),
('ABCD1207', 'FL', 1275, 0.09),
('ABCD1208', 'FL', 4215, 0.26),
('ABCD1209', 'FL', 4061, 0.92),
('ABCD1210', 'FL', 3410, 0.07),
('ABCD1211', 'FL', 3564, 0.42),
('ABCD1212', 'FL', 2956, 0.92),
('ABCD1213', 'FL', 2482, 0.32),
('ABCD1214', 'FL', 2113, 0.39),
('ABCD1215', 'FL', 2675, 0.72),
('ABCD1216', 'FL', 3978, 0.49),
('ABCD1217', 'FL', 1729, 0.17),
('ABCD1218', 'FL', 1419, 0.96),
('ABCD1219', 'FL', 4553, 0.24),
('ABCD1220', 'FL', 2561, 0.21),
('ABCD1221', 'FL', 2220, 0.61),
('ABCD1222', 'FL', 2392, 0.99),
('ABCD1223', 'FL', 1002, 0.73),
('ABCD1224', 'FL', 2674, 0.32),
('ABCD1225', 'FL', 1962, 0.81),
('ABCD1226', 'FL', 4160, 0.54),
('ABCD1227', 'FL', 2687, 0.91),
('ABCD1228', 'FL', 2792, 0.08),
('ABCD1229', 'FL', 2788, 0.06),
('ABCD1230', 'FL', 2560, 0.92),
('ABCD1231', 'FL', 4774, 0.58),
('ABCD1232', 'FL', 3178, 0.76),
('ABCD1233', 'FL', 1476, 0.58),
('ABCD1234', 'FL', 2786, 0.69),
('ABCD1235', 'FL', 3957, 0.02),
('ABCD1236', 'FL', 1730, 0.32),
('ABCD1237', 'FL', 2522, 0.02),
('ABCD1238', 'FL', 1541, 0.21),
('ABCD1239', 'FL', 4199, 0.21),
('ABCD1240', 'FL', 1263, 0.11),
('ABCD1241', 'FL', 4057, 0.45),
('ABCD1242', 'FL', 3310, 0.29),
('ABCD1243', 'FL', 3562, 0.54),
('ABCD1244', 'FL', 3037, 0.38),
('ABCD1245', 'FL', 4315, 0.32),
('ABCD1246', 'FL', 2494, 0.19),
('ABCD1247', 'FL', 1138, 0.92),
('ABCD1248', 'FL', 4636, 0.51),
('ABCD1249', 'FL', 4301, 0.76),
('ABCD1250', 'FL', 2537, 0.71),
('ABCD1251', 'FL', 1705, 0.77),
('ABCD1252', 'FL', 4537, 0.14),
('ABCD1253', 'FL', 2317, 0.09),
('ABCD1254', 'FL', 4475, 0.33),
('ABCD1255', 'FL', 2250, 0.23),
('ABCD1256', 'FL', 3800, 0.36),
('ABCD1257', 'FL', 3273, 0.06),
('ABCD1258', 'FL', 3384, 0.67),
('ABCD1259', 'FL', 3654, 0.28),
('ABCD1260', 'FL', 2382, 0.65),
('ABCD1261', 'FL', 2948, 0.21),
('ABCD1262', 'FL', 1052, 0.08),
('ABCD1263', 'FL', 1325, 0.08),
('ABCD1264', 'FL', 3621, 0.02),
('ABCD1265', 'FL', 4140, 0.34),
('ABCD1266', 'FL', 1766, 0.79),
('ABCD1267', 'FL', 3487, 0.83),
('ABCD1268', 'FL', 4742, 0.08),
('ABCD1269', 'FL', 4238, 0.43),
('ABCD1270', 'FL', 4491, 0.43),
('ABCD1271', 'FL', 1121, 0.44),
('ABCD1272', 'FL', 3840, 0.03),
('ABCD1273', 'FL', 4116, 0.41),
('ABCD1274', 'FL', 4240, 0.87),
('ABCD1275', 'FL', 4110, 0.08),
('ABCD1276', 'FL', 3113, 0.55),
('ABCD1277', 'FL', 2057, 0.92),
('ABCD1278', 'FL', 1229, 0.75),
('ABCD1279', 'FL', 1800, 0.41),
('ABCD1280', 'FL', 4875, 0.48),
('ABCD1281', 'FL', 3957, 0.27),
('ABCD1282', 'FL', 1499, 0.81),
('ABCD1283', 'FL', 2923, 0.45),
('ABCD1284', 'FL', 1366, 0.18),
('ABCD1285', 'FL', 2146, 0.87),
('ABCD1286', 'FL', 4549, 0.52),
('ABCD1287', 'FL', 3081, 0.54),
('ABCD1288', 'FL', 2513, 0.76),
('ABCD1289', 'FL', 1230, 0.01),
('ABCD1290', 'FL', 2823, 0.50),
('ABCD1291', 'FL', 2581, 0.94),
('ABCD1292', 'FL', 4203, 0.49),
('ABCD1293', 'FL', 4780, 0.29),
('ABCD1294', 'FL', 1727, 0.03),
('ABCD1295', 'FL', 4294, 0.87),
('ABCD1296', 'FL', 2331, 0.15),
('ABCD1297', 'FL', 2388, 0.85),
('ABCD1298', 'FL', 1487, 0.65),
('ABCD1299', 'FL', 2719, 0.10),
('ABCD1300', 'TX', 4092, 0.34),
('ABCD1301', 'TX', 3430, 0.07),
('ABCD1302', 'TX', 3660, 0.35),
('ABCD1303', 'TX', 2403, 0.68),
('ABCD1304', 'TX', 1407, 1.00),
('ABCD1305', 'TX', 2193, 0.75),
('ABCD1306', 'TX', 3661, 0.65),
('ABCD1307', 'TX', 2782, 0.37),
('ABCD1308', 'TX', 2734, 0.44),
('ABCD1309', 'TX', 3548, 0.28),
('ABCD1310', 'TX', 1776, 0.29),
('ABCD1311', 'TX', 3575, 0.73),
('ABCD1312', 'TX', 2643, 0.13),
('ABCD1313', 'TX', 2607, 0.13),
('ABCD1314', 'TX', 4044, 0.42),
('ABCD1315', 'TX', 3105, 0.73),
('ABCD1316', 'TX', 2257, 0.21),
('ABCD1317', 'TX', 3044, 0.66),
('ABCD1318', 'TX', 2690, 0.80),
('ABCD1319', 'TX', 3642, 0.76),
('ABCD1320', 'TX', 1149, 0.12),
('ABCD1321', 'TX', 2321, 0.02),
('ABCD1322', 'TX', 3122, 0.35),
('ABCD1323', 'TX', 3052, 0.23),
('ABCD1324', 'TX', 1107, 0.80),
('ABCD1325', 'TX', 3113, 0.82),
('ABCD1326', 'TX', 2014, 0.33),
('ABCD1327', 'TX', 1225, 0.46),
('ABCD1328', 'TX', 2596, 0.37),
('ABCD1329', 'TX', 1094, 0.06),
('ABCD1330', 'TX', 2284, 0.85),
('ABCD1331', 'TX', 3778, 0.44),
('ABCD1332', 'TX', 4192, 0.48),
('ABCD1333', 'TX', 2110, 0.67),
('ABCD1334', 'TX', 1180, 0.67),
('ABCD1335', 'TX', 2586, 0.70),
('ABCD1336', 'TX', 2582, 0.07),
('ABCD1337', 'TX', 3645, 0.24),
('ABCD1338', 'TX', 4872, 0.43),
('ABCD1339', 'TX', 4788, 0.38),
('ABCD1340', 'TX', 2390, 0.09),
('ABCD1341', 'TX', 3325, 0.82),
('ABCD1342', 'TX', 3041, 0.75),
('ABCD1343', 'TX', 3865, 0.68),
('ABCD1344', 'TX', 3135, 0.59),
('ABCD1345', 'TX', 1752, 0.26),
('ABCD1346', 'TX', 4634, 0.61),
('ABCD1347', 'TX', 3632, 0.24),
('ABCD1348', 'TX', 3358, 0.33),
('ABCD1349', 'TX', 2350, 0.27),
('ABCD1350', 'TX', 4870, 0.93),
('ABCD1351', 'TX', 1870, 0.24),
('ABCD1352', 'TX', 2329, 0.49),
('ABCD1353', 'TX', 1764, 0.72),
('ABCD1354', 'TX', 4338, 0.48),
('ABCD1355', 'TX', 1655, 0.05),
('ABCD1356', 'TX', 4881, 0.46),
('ABCD1357', 'TX', 3163, 0.79),
('ABCD1358', 'TX', 3125, 0.46),
('ABCD1359', 'TX', 4164, 0.57),
('ABCD1360', 'TX', 1176, 0.06),
('ABCD1361', 'TX', 4950, 1.00),
('ABCD1362', 'TX', 4416, 0.40),
('ABCD1363', 'TX', 4103, 0.96),
('ABCD1364', 'TX', 1417, 0.73),
('ABCD1365', 'TX', 2479, 0.33),
('ABCD1366', 'TX', 2453, 0.97),
('ABCD1367', 'TX', 3212, 0.28),
('ABCD1368', 'TX', 4394, 0.21),
('ABCD1369', 'TX', 3332, 0.25),
('ABCD1370', 'TX', 3762, 0.83),
('ABCD1371', 'TX', 4866, 0.52),
('ABCD1372', 'TX', 1650, 0.36),
('ABCD1373', 'TX', 3408, 0.58),
('ABCD1374', 'TX', 4215, 0.78),
('ABCD1375', 'TX', 4969, 0.71),
('ABCD1376', 'TX', 3237, 0.13),
('ABCD1377', 'TX', 3297, 0.77),
('ABCD1378', 'TX', 3959, 0.38),
('ABCD1379', 'TX', 3399, 0.26),
('ABCD1380', 'TX', 1050, 0.02),
('ABCD1381', 'TX', 3950, 0.88),
('ABCD1382', 'TX', 2898, 0.73),
('ABCD1383', 'TX', 3709, 0.63),
('ABCD1384', 'TX', 3610, 0.53),
('ABCD1385', 'TX', 2056, 0.08),
('ABCD1386', 'TX', 4311, 0.96),
('ABCD1387', 'TX', 4298, 0.31),
('ABCD1388', 'TX', 1528, 0.07),
('ABCD1389', 'TX', 4874, 0.12),
('ABCD1390', 'TX', 2274, 0.53),
('ABCD1391', 'TX', 4172, 0.08),
('ABCD1392', 'TX', 4139, 0.68),
('ABCD1393', 'TX', 4397, 0.17),
('ABCD1394', 'TX', 3171, 0.85),
('ABCD1395', 'TX', 1715, 0.79),
('ABCD1396', 'TX', 2535, 0.93),
('ABCD1397', 'TX', 2358, 0.76),
('ABCD1398', 'TX', 3191, 0.98),
('ABCD1399', 'TX', 3107, 0.42),
('ABCD1400', 'TX', 3922, 0.59);

INSERT IGNORE INTO sessions (session_id, user_id, session_date) VALUES
(1,1,'2024-01-01'),
(2,2,'2024-01-02'),
(3,3,'2024-01-05'),
(4,3,'2024-01-05'),
(5,4,'2024-01-03'),
(6,4,'2024-01-03'),
(7,5,'2024-01-04'),
(8,5,'2024-01-04'),
(9,3,'2024-01-05'),
(10,5,'2024-01-04');

INSERT IGNORE INTO order_summary (order_id,user_id,order_value, order_date) VALUES
(1,1,152,'2024-01-01'),
(2,2,485,'2024-01-02'),
(3,3,398,'2024-01-05'),
(4,3,320,'2024-01-05'),
(5,4,156,'2024-01-03'),
(6,4,121,'2024-01-03'),
(7,5,238,'2024-01-04'),
(8,5,70,'2024-01-04'),
(9,3,152,'2024-01-05'),
(10,5,171,'2024-01-04');

INSERT IGNORE INTO fact_events (id, time_id, user_id, customer_id, client_id, event_type, event_id) VALUES
(1, '2020-02-28', '3668-QPYBK', 'Sendit', 'desktop', 'message sent', 3),
(2, '2020-02-28', '7892-POOKP', 'Connectix', 'mobile', 'file received', 2),
(3, '2020-04-03', '9763-GRSKD', 'Zoomit', 'desktop', 'video call received', 7),
(4, '2020-04-02', '9763-GRSKD', 'Connectix', 'desktop', 'video call received', 7),
(5, '2020-02-06', '9237-HQITU', 'Sendit', 'desktop', 'video call received', 7),
(6, '2020-02-27', '8191-XWSZG', 'Connectix', 'desktop', 'file received', 2),
(7, '2020-04-03', '9237-HQITU', 'Connectix', 'desktop', 'video call received', 7),
(8, '2020-03-01', '9237-HQITU', 'Connectix', 'mobile', 'message received', 4),
(9, '2020-04-02', '4190-MFLUW', 'Connectix', 'mobile', 'video call received', 7),
(10, '2020-04-21', '9763-GRSKD', 'Sendit', 'desktop', 'file received', 2),
(11, '2020-02-28', '5129-JLPIS', 'Electric Gravity', 'mobile', 'video call started', 6),
(12, '2020-03-31', '6713-OKOMC', 'Connectix', 'desktop', 'file received', 2),
(13, '2020-03-21', '6388-TABGU', 'Connectix', 'desktop', 'message sent', 3),
(14, '2020-03-03', '7469-LKBCI', 'Connectix','mobile','video call received' ,7),
(15, '2020-02-11','9237-HQITU','Connectix','desktop','video call received' ,7),
(16, '2020-03-01','5575-GNVDE','Zoomit','desktop','file received' ,2),
(17, '2020-03-02','6388-TABGU','Connectix','desktop','message sent' ,3),
(18, '2020-04-06','9305-CDSKC','Connectix','desktop','message received' ,4),
(19, '2020-02-13','3668-QPYBK','Connectix','mobile','file sent' ,1),
(20, '2020-04-03','9959-WOFKT','Connectix','desktop','file received' ,2),
(21, '2020-03-15','9305-CDSKC','Zoomit','mobile','message received' ,4),
(22, '2020-04-01','7892-POOKP','eShop','mobile','voice call started' ,8),
(23, '2020-04-09','8191-XWSZG','Connectix','mobile','file received' ,2),
(24, '2020-04-08','3668-QPYBK','eShop', 'desktop', 'message sent', 3),
(25, '2020-03-05', '8191-XWSZG', 'Zoomit', 'mobile', 'file received', 2),
(26, '2020-02-24', '3668-QPYBK', 'Connectix', 'mobile', 'api message received', 5),
(27, '2020-03-26', '6388-TABGU', 'Zoomit', 'desktop', 'message received', 4),
(28, '2020-02-03', '7795-CFOCW', 'Connectix', 'mobile', 'api message received', 5),
(29, '2020-03-19', '7892-POOKP', 'Connectix', 'desktop', 'message received', 4),
(30, '2020-04-07', '9763-GRSKD', 'Connectix', 'mobile', 'message sent', 3),
(31, '2020-04-06', '9959-WOFKT', 'Connectix', 'desktop', 'message received', 4),
(32, '2020-02-15', '9237-HQITU', 'Connectix', 'mobile', 'message sent', 3),
(33, '2020-04-06', '4183-MYFRB', 'Sendit', 'desktop', 'file received', 2),
(34, '2020-03-13', '9305-CDSKC', 'Connectix', 'desktop', 'video call received', 7),
(35, '2020-04-05', '9959-WOFKT', 'Connectix', 'mobile', 'message received', 4),
(36, '2020-03-28', '6388-TABGU', 'Connectix', 'desktop', 'message sent', 3),
(37, '2020-04-03', '4183-MYFRB', 'Connectix', 'desktop', 'message received', 4),
(38, '2020-03-15', '5575-GNVDE', 'Electric Gravity', 'desktop', 'video call started', 6),
(39, '2020-03-06', '8091-TTVAX', 'Zoomit', 'desktop', 'file received', 2),
(40, '2020-03-25', '4190-MFLUW', 'Connectix', 'mobile', 'file received', 2),
(41, '2020-04-13', '9959-WOFKT', 'Zoomit', 'mobile', 'video call received', 7),
(42, '2020-02-20', '7590-VHVEG', 'Sendit', 'desktop', 'file received', 2),
(43, '2020-03-13', '9305-CDSKC', 'Connectix','mobile','voice call received' ,9),
(44, '2020-02-22','1452-KIOVK','Zoomit','mobile','voice call started' ,8),
(45, '2020-04-18','9959-WOFKT','Connectix','desktop','file received' ,2),
(46, '2020-02-04','9305-CDSKC','Connectix','desktop','message sent' ,3),
(47, '2020-04-06','4190-MFLUW','Connectix','mobile','file sent' ,1),
(48, '2020-03-22','1452-KIOVK','Connectix','mobile','file sent' ,1),
(49, '2020-04-06','5129-JLPIS','Sendit','desktop','message sent' ,3),
(50, '2020-04-04', '7469-LKBCI', 'Sendit', 'mobile', 'message received', 4),
(51, '2020-02-14', '3668-QPYBK', 'Connectix', 'desktop', 'message received', 4),
(52, '2020-03-28', '5575-GNVDE', 'Sendit', 'desktop', 'file received', 2),
(53, '2020-04-05', '8091-TTVAX', 'Connectix', 'desktop', 'message sent', 3),
(54, '2020-03-01', '7469-LKBCI', 'Connectix', 'desktop', 'video call started', 6),
(55, '2020-02-20', '5129-JLPIS', 'Connectix', 'desktop', 'voice call received', 9),
(56, '2020-03-13', '7590-VHVEG', 'Zoomit', 'mobile', 'message received', 4),
(57, '2020-04-09', '8091-TTVAX', 'Sendit', 'desktop', 'video call received', 7),
(58, '2020-02-27','9237-HQITU','eShop','desktop','video call received' ,7),
(59, '2020-03-24','8191-XWSZG','Connectix','mobile','video call received' ,7),
(60, '2020-03-19','7469-LKBCI','Sendit','desktop','video call received' ,7),
(61, '2020-03-29','7892-POOKP','Connectix','desktop','message received' ,4),
(62, '2020-03-14','5129-JLPIS','Connectix','mobile','message sent' ,3),
(63, '2020-03-07','4190-MFLUW','Electric Gravity','desktop','message sent' ,3),
(64, '2020-03-05','4190-MFLUW','Connectix','desktop','file sent' ,1),
(65, '2020-02-06','3668-QPYBK','Sendit','desktop','video call received' ,7),
(66, '2020-02-08','6713-OKOMC','Connectix','desktop','voice call started' ,8),
(67, '2020-02-24','6713-OKOMC','Connectix','mobile','file sent' ,1),
(68, '2020-03-25','7469-LKBCI','Connectix','mobile','message received' ,4),
(69, '2020-02-12','1452-KIOVK','Connectix','desktop','message sent' ,3),
(70, '2020-02-08','7795-CFOCW','Connectix','desktop','voice call received' ,9),
(71, '2020-03-10', '7469-LKBCI', 'Connectix', 'mobile', 'video call received', 7),
(72, '2020-03-09', '9237-HQITU', 'Sendit', 'desktop', 'video call received', 7),
(73, '2020-03-13', '5575-GNVDE', 'Sendit', 'mobile', 'voice call received', 9),
(74, '2020-03-17', '7469-LKBCI', 'Electric Gravity', 'desktop', 'message received', 4),
(75, '2020-03-02', '4190-MFLUW', 'Sendit', 'mobile', 'message sent', 3),
(76, '2020-04-09', '7892-POOKP', 'Sendit', 'desktop', 'file sent', 1),
(77, '2020-03-18', '7590-VHVEG', 'Sendit', 'mobile', 'message received', 4),
(78, '2020-02-27', '3655-SNQYZ', 'Sendit', 'desktop', 'file received', 2),
(79, '2020-02-03','7469-LKBCI','Zoomit','desktop','video call received' ,7),
(80, '2020-02-03', '0280-XJGEX', 'eShop', 'desktop', 'message sent', 3),
(81, '2020-02-25', '6713-OKOMC', 'Connectix', 'desktop', 'message received', 4),
(82, '2020-02-19', '6713-OKOMC', 'Connectix', 'mobile', 'file sent', 1),
(83, '2020-03-26', '7590-VHVEG', 'Electric Gravity', 'desktop', 'video call received', 7),
(84, '2020-03-19', '8091-TTVAX', 'eShop', 'desktop', 'message received', 4),
(85, '2020-02-17','9237-HQITU','Connectix','desktop','file sent' ,1),
(86, '2020-03-14','3668-QPYBK','Sendit','mobile','file sent' ,1),
(87, '2020-02-17','8191-XWSZG','Connectix','mobile','video call started' ,6),
(88, '2020-02-13','3668-QPYBK','Sendit','desktop','voice call started' ,8),
(89, '2020-04-01','9959-WOFKT','Connectix','mobile','video call started' ,6),
(90, '2020-03-26','7795-CFOCW','Sendit','desktop','file received' ,2),
(91, '2020-04-08','7795-CFOCW','Zoomit','mobile','message received' ,4),
(92, '2020-03-28','9305-CDSKC','Connectix','desktop','file sent' ,1),
(93, '2020-03-06','6713-OKOMC','Connectix','desktop','file received' ,2),
(94, '2020-02-23','9305-CDSKC','Sendit','desktop','message sent' ,3),
(95, '2020-03-19', '5575-GNVDE', 'Sendit', 'desktop', 'voice call received', 9),
(96, '2020-03-28', '3668-QPYBK', 'eShop', 'desktop', 'message received', 4),
(97, '2020-03-22', '8091-TTVAX', 'Connectix', 'mobile', 'voice call received', 9),
(98, '2020-02-09', '3655-SNQYZ', 'Connectix', 'desktop', 'file received', 2),
(99, '2020-03-18', '6388-TABGU', 'Sendit', 'desktop', 'message received', 4),
(100, '2020-03-31', '3668-QPYBK', 'Sendit', 'mobile', 'file sent', 1),
(101, '2020-03-02', '5129-JLPIS', 'Sendit', 'desktop', 'message sent', 3),
(102, '2020-03-02', '9237-HQITU', 'Connectix', 'desktop', 'voice call received', 9),
(103, '2020-03-01', '9305-CDSKC', 'Connectix', 'desktop', 'message received', 4),
(104, '2020-04-07', '5575-GNVDE', 'Connectix', 'mobile', 'message received', 4),
(105, '2020-02-17','8191-XWSZG','Zoomit','mobile','message received' ,4),
(106, '2020-03-02','0280-XJGEX','Electric Gravity','mobile','video call started' ,6),
(107, '2020-02-07','7590-VHVEG','eShop','mobile','video call received' ,7),
(108, '2020-03-06','7892-POOKP','Connectix','mobile','message sent' ,3),
(109, '2020-02-03','9237-HQITU','Sendit','mobile','video call started' ,6),
(110, '2020-03-02','1452-KIOVK','eShop','mobile','file received' ,2),
(111, '2020-02-04','7892-POOKP','Connectix','desktop','message received' ,4),
(112, '2020-03-02','8191-XWSZG','Connectix','desktop','message received' ,4),
(113, '2020-03-25','4183-MYFRB','Sendit','desktop','video call received' ,7),
(114, '2020-02-23','6713-OKOMC','Connectix','desktop','message sent' ,3),
(115, '2020-03-02','9305-CDSKC','Sendit','desktop','voice call started' ,8),
(116, '2020-03-11','7590-VHVEG','Sendit','desktop','api message received' ,5),
(117, '2020-04-08','8091-TTVAX','Zoomit','mobile','file sent' ,1),
(118, '2020-02-01','6713-OKOMC','Electric Gravity','mobile','file received' ,2),
(119, '2020-03-24','8091-TTVAX','Electric Gravity','desktop','message sent' ,3),
(120, '2020-03-06','8091-TTVAX','Electric Gravity','mobile','file sent' ,1),
(121, '2020-03-09', '5575-GNVDE', 'Connectix', 'mobile', 'file sent', 1),
(122, '2020-03-22', '8091-TTVAX', 'Connectix', 'mobile', 'video call received', 7),
(123, '2020-03-02', '7469-LKBCI', 'Connectix', 'mobile', 'video call started', 6),
(124, '2020-03-23', '5575-GNVDE', 'Connectix', 'mobile', 'voice call received', 9),
(125, '2020-03-30', '9305-CDSKC', 'eShop', 'desktop', 'message sent', 3),
(126, '2020-03-25', '4190-MFLUW', 'Connectix', 'desktop', 'video call started', 6),
(127, '2020-03-09', '7590-VHVEG', 'Connectix', 'mobile', 'api message received', 5),
(128, '2020-03-14', '7795-CFOCW', 'Sendit', 'desktop', 'file received', 2),
(129, '2020-04-04', '9959-WOFKT', 'Connectix', 'mobile', 'message received', 4),
(130, '2020-03-31', '5129-JLPIS', 'Connectix', 'desktop', 'video call received', 7),
(131, '2020-03-27', '4183-MYFRB', 'Connectix', 'desktop', 'voice call received', 9),
(132, '2020-04-03', '5129-JLPIS', 'Connectix', 'desktop', 'file received', 2),
(133, '2020-03-01', '0280-XJGEX', 'Connectix', 'desktop', 'video call started', 6),
(134, '2020-04-16', '9763-GRSKD', 'Connectix', 'desktop', 'message sent', 3),
(135, '2020-03-07', '6388-TABGU', 'Connectix', 'desktop', 'api message received', 5),
(136, '2020-03-20', '9305-CDSKC', 'Zoomit', 'mobile', 'message sent', 3),
(137, '2020-03-10', '8091-TTVAX', 'Sendit', 'desktop', 'video call started', 6),
(138, '2020-03-20','0280-XJGEX','Zoomit','mobile','message sent' ,3),
(139, '2020-02-23','5129-JLPIS','Connectix','mobile','file received' ,2),
(140, '2020-02-18','7590-VHVEG','Connectix','mobile','file sent' ,1),
(141, '2020-02-18','1452-KIOVK','Connectix','mobile','file received' ,2),
(142, '2020-02-08','3668-QPYBK','Sendit','desktop','message received' ,4),
(143, '2020-04-13','7469-LKBCI','Sendit','desktop','video call received' ,7),
(144, '2020-03-22','6388-TABGU','eShop','mobile','file sent' ,1),
(145, '2020-03-13','0280-XJGEX','Sendit','desktop','message sent' ,3),
(146, '2020-03-07','6388-TABGU','Connectix','desktop','voice call received' ,9),
(147, '2020-03-21','8091-TTVAX','Connectix','mobile','message sent' ,3),
(148, '2020-04-03','8191-XWSZG','Connectix','desktop','file received' ,2),
(149, '2020-02-22','7795-CFOCW','Connectix','desktop','message received' ,4),
(150, '2020-02-14','7590-VHVEG','Connectix','desktop','message received' ,4);

INSERT IGNORE INTO uber_request_logs (request_id, request_date, request_status, distance_to_travel, monetary_cost, driver_to_client_distance) VALUES
(1, '2020-01-09', 'success', 70.59, 6.56, 14.36),
(2, '2020-01-24', 'success', 93.36, 22.68, 19.93),
(3, '2020-02-08', 'fail', 51.24, 11.39, 21.32),
(4, '2020-02-23', 'success', 61.58, 8.04, 44.26),
(5, '2020-03-09', 'success', 25.04, 7.19, 1.74),
(6, '2020-03-24', 'fail', 45.57, 4.68, 24.19),
(7, '2020-04-08', 'success', 24.45, 12.69, 15.91),
(8, '2020-04-23', 'success', 48.22, 11.24, 8.82),
(9, '2020-05-08', 'success', 56.63, 4.04, 16.08),
(10, '2020-05-23', 'fail', 19.03, 16.65, 11.22),
(11, '2020-06-07', 'fail', 816.56, 26.6, 1220.0),
(12, '2020-06-22', 'fail', 21.32, 8.86, 28.57),
(13, '2020-07-07', 'fail', 14.74, 17.76, 19.33),
(14, '2020-07-22', 'success', 66.73, 13.68, 14.07),
(15, '2020-08-06', 'success', 32.98, 16.17, 25.34),
(16, '2020-08-21', 'success', 46.49, 1.84, 41.9),
(17, '2020-09-05', 'fail', 45.98, 12.2, 2.46),
(18, '2020-09-20', 'success', 3.14, 24.83, 6.6),
(19, '2020-10-05', 'success', 75.33, 23.04, 29.99),
(20, '2020-10-20', 'success', 53.76, 22.94, 18.74);

INSERT INTO yelp_business (business_id, name, neighborhood, address, city, state, postal_code, latitude, longitude, stars, review_count, is_open, categories) VALUES
('G5ERFWvPfHy7IDAUYlWL2A', 'All Colors Mobile Bumper Repair', NULL, '7137 N 28th Ave', 'Phoenix', 'AZ', '85051', 33.45, -112.07, 1.0, 4, 1, 'Auto Detailing;Automotive'),
('0jDvRJS-z9zdMgOUXgr6rA', 'Sunfare', NULL, '811 W Deer Valley Rd', 'Phoenix', 'AZ', '85027', 33.68, -112.08, 5.0, 27, 1, 'Personal Chefs;Food;Gluten-Free;Food Delivery Services;Event Planning & Services;Restaurants'),
('6HmDqeNNZtHMK0t2glF_gg', 'Dry Clean Vegas', 'Southeast', '2550 Windmill Ln, Ste 100', 'Las Vegas', 'NV', '89123', 36.04, -115.12, 1.0, 4, 1, 'Dry Cleaning & Laundry;Laundry Services;Local Services;Dry Cleaning'),
('pbt3SBcEmxCfZPdnmU9tNA', 'The Cuyahoga Room', NULL, '740 Munroe Falls Ave', 'Cuyahoga Falls', 'OH', '44221', 41.14, -81.47, 1.0, 3, 0, 'Wedding Planning;Caterers;Event Planning & Services;Venues & Event Spaces'),
('CX8pfLn7Bk9o2-8yDMp_2w', 'The UPS Store', NULL, '4815 E Carefree Hwy, Ste 108', 'Cave Creek', 'AZ', '85331', 33.8, -111.98, 1.5, 5, 1, 'Notaries;Printing Services;Local Services;Shipping Centers'),
('yzAB_pRwk8FJl3aILiiySA', 'CenturyLink', 'Spring Valley', '4850 S Fort Apache Rd, Ste 100', 'Las Vegas', 'NV', '89147', 36.1, -115.3, 1.5, 35, 0, 'Home Services;Television Service Providers;Professional Services;Internet Service Providers;Utilities'),
('p8keQs0xw0TzP0JjYPiZPQ', 'The Enfield Fox', NULL, '285 Enfield Place', 'Mississauga', 'ON', 'L5B 3Y6', 43.59, -79.64, 1.5, 3, 0, 'Bars;Restaurants;Pubs;British;Nightlife'),
('lbxfIXUNUdSRO2t7z2PxPA', 'Budget Car Rental', NULL, '7125 E Shea Blvd, Ste 101', 'Scottsdale', 'AZ', '85254', 33.58, -111.93, 2.0, 6, 1, 'Hotels & Travel;Car Rental'),
('xxCrRqqICzQyR0Q-iqCrNw', 'Subway', 'Plaza Midwood', '1300 The Plz', 'Charlotte', 'NC', '28205', 35.22, -80.81, 2.0, 13, 1, 'Fast Food;Sandwiches;Restaurants'),
('WdQP8kl9SzcOdubWz0Rs5g', 'Red Beard Bodywork And Structural Integration', 'Capitol', '301 S Bedford St', 'Madison', 'WI', '53703', 43.07, -89.39, 5.0, 1, 0, 'Rolfing;Health & Medical;Beauty & Spas;Massage'),
('g6KfICYxIFoXnz7KHzQDpw', 'Chase Bank', NULL, '705 S Green Valley Pkwy', 'Henderson', 'NV', '89052', 36.0, -115.08, 2.0, 6, 1, 'Financial Services;Banks & Credit Unions'),
('Lhtl6hEr4BaAR4aA3RQDNQ', 'Dairy Queen', NULL, '475 W Craig Rd', 'North Las Vegas', 'NV', '89032', 36.24, -115.15, 2.0, 5, 7, 'Food;Ice Cream & Frozen Yogurt'),
('6FmJM2SYWoUv_DC8FA7hpg', '1st Choice Storage Solutions', 'Southeast', '6360 S Pecos Rd, Ste 14', 'Las Vegas', 'NV', '89120', 36.07, -115.12, 7.0, 0, 1, 'Shopping;Home & Garden;Home Services;Cabinetry;Furniture Stores'),
('JJWQxF7ljXKVvCxn3ug-CA', 'Applebee''s Neighborhood Grill & Bar', NULL, '13756 W Bell Rd', 'Surprise', 'AZ', '85374', 33.64, -112.36, 2.5, 56, 1, 'Burgers;Bars;American (Traditional);Nightlife;Restaurants;Sports Bars;Steakhouses'),
('3rptIkeGoVRdPF4v6omLOg', 'Sunless Boutique', 'The Lakes', '9921 Mahogany Grove Ln', 'Las Vegas', 'NV', '89117', 36.14, -115.3, 5.0, 2, 0, 'Hair Removal;Beauty & Spas;Skin Care;Tanning;Spray Tanning;Hair Salons'),
('JGvyv9jO8kfEnf4WtnpzfQ', 'Dairy Queen', NULL, '13623 W Camino Del Sol', 'Sun City West', 'AZ', '85375', 33.65, -112.36, 2.5, 16, 1, 'Restaurants;Ice Cream & Frozen Yogurt;Fast Food;Food'),
('dRb2Xq8jorJV6tDCgmaQUg', 'Papa John''s Pizza', NULL, '703 E Bell Rd', 'Phoenix', 'AZ', '85022', 33.64, -112.07, 5.0, 3, 1, 'Restaurants;Pizza'),
('r7MJN_4aJdNP_mx6u_4czQ', 'Red Roof Inn', NULL, '7400 W Boston St', 'Chandler', 'AZ', '85226', 33.3, -111.97, 2.5, 3, 0, 'Hotels;Hotels & Travel;Event Planning & Services'),
('_QEwts97jzVcvfVo4qveFA', 'Integrated Pain Specialists', 'Spring Valley', '9333 W Sunset Rd, Ste A', 'Las Vegas', 'NV', '89148', 36.07, -115.3, 2.5, 8, 0, 'Health & Medical;Physical Therapy'),
('-M9S1wlZTvv6T9EOo5X2Yw', 'Grandeur Palace', 'Scarborough', '2301 Brimley Road, Unit 128', 'Toronto', 'ON', 'M1S 5B8', 43.8, -79.27, 2.5, 46, 1, 'Restaurants;Seafood;Chinese;Dim Sum'),
('-03HVYxkeYWaafEpNJo1SA', 'GoodLife Vapes', 'Mount Pleasant and Davisville', '2095 Yonge Street', 'Toronto', 'ON', 'M4S 2A5', 43.7, -79.45, 5.0, 1, 0, 'Vape Shops;Shopping;Electronics;Tobacco Shops'),
('Wd81DI2DICRtANydqJlFtQ', 'Brock Doors and Windows', NULL, '278 Orenda Road', 'Brampton', 'ON', 'L6T 4X6', 43.7, -79.72, 5.0, 3, 1, 'Home Services;Windows Installation;Garage Door Services;Contractors'),
('zXY_rBLlE2Kb_D1FZ8bH9g', 'Crabby Joe''s', NULL, '450 Holland Street W', 'Bradford', 'ON', 'L3Z 0G1', 44.11, -79.59, 2.5, 5, 1, 'Bars;Restaurants;Nightlife;American (Traditional);Burgers'),
('aYSSqa0M5DZHjLT_jK5ezw', 'Amego Electric Vehicles', NULL, '533 Richmond Street W', 'Toronto', 'ON', 'M5V 3Y1', 43.65, -79.4, 2.5, 3, 1, 'Bike Rentals;Motorcycle Dealers;Active Life;Shopping;Bikes;Sporting Goods;Automotive'),
('diH4Pf4mYd1P-zZsQErVTQ', 'PetSmart', NULL, '7077 E Mayo Blvd Ste 140', 'Phoenix', 'AZ', '85054', 33.65, -111.93, 3.0, 28, 1, 'Pet Training;Pet Stores;Pets;Pet Groomers;Pet Services;Pet Sitting'),
('OZC42gnhlJ_auXduDRfMoQ', 'Scratch', NULL, '1011 N 3rd St', 'Phoenix', 'AZ', '85004', 33.46, -112.07, 3.0, 40, 0, 'French;Restaurants'),
('m5h7_IeiGaY4Z1ns1y8veQ', 'Arizona Custom Canine', NULL, NULL, 'Phoenix', 'AZ', '85086', 33.84, -112.12, 5.0, 13, 1, 'Dog Walkers;Pet Training;Pet Services;Pets;Pet Sitting'),
('U1QABk2PSkzTfHfPb_tZgA', 'Visionworks', NULL, 'Fiesta Mall, 1445 W Southern Ave, Ste 2192', 'Mesa', 'AZ', '85202', 33.39, -111.86, 3.0, 8, 0, 'Health & Medical;Shopping;Eyewear & Opticians;Optometrists'),
('IiKKDb5sS1KIAf5jjfmApg', 'Sun Valley Hand Surgery', NULL, '15830 N 35th Ave, Ste 2', 'Phoenix', 'AZ', '85053', 33.63, -112.13, 5.0, 4, 0, 'Doctors;Orthopedists;Health & Medical;Sports Medicine'),
('rkSUOnANSaB3E9qMHhfpcA', 'Schwan''s', NULL, NULL, 'Phoenix', 'AZ', NULL, 33.45, -112.07, 3.0, 3, 1, 'Ice Cream & Frozen Yogurt;Food'),
('xhzUfaJ9BTa3EbD0bTeKWQ', 'IHOP', NULL, '10662 E Southern Ave', 'Mesa', 'AZ', '85209', 33.39, -111.63, 4.0, 5, 1, 'Breakfast & Brunch;Restaurants;American (New);American (Traditional)'),
('JbWQtVLQDEOBlvbVWk2OFg', 'Chipotle Mexican Grill', NULL, '903 W Anthony Dr, Ste A', 'Champaign', 'IL', '61820', 40.14, -88.26, 5.0, 4, 0, 'Fast Food;Mexican;Restaurants'),
('J8DxZ7enKZ0aAuF40e3rew', 'Charlotte Dentist: Joseph LoParo, DMD', 'Uptown', '400 S Tryon St, Ste M-4', 'Charlotte', 'NC', '28202', 35.22, -80.85, 3.0, 4, 1, 'Health & Medical;Cosmetic Dentists;Dentists;General Dentistry'),
('zPSPUa9cgl68ydGNZt6gYQ', 'Thrifty Car Rental', NULL, '5330 Wilkinson Blvd', 'Charlotte', 'NC', '28208', 35.23, -80.93, 3.0, 9, 1, 'Car Rental;Hotels & Travel'),
('ct1uN_FOIyY1er8iLTsS6w', 'Eyeglass World', 'Westside', '3819 W Sahara Ave', 'Las Vegas', 'NV', '89102', 36.14, -115.19, 5.0, 5, 2, 'Ophthalmologists;Health & Medical;Eyewear & Opticians;Shopping;Optometrists;Doctors'),
('qngp1XfBYWi7lB5S9Mg5ZA', 'Metropolitan Home Design', NULL, '15220 Madison Ave', 'Lakewood', 'OH', '44107', 41.48, -81.85, 3.0, 0, 1, 'Interior Design;Home Services;Home & Garden;Shopping;Real Estate;Home Staging;Home Decor'),
('cDpUshHyJHDEc19TSTulJw', 'Urbana Acupuncture', NULL, '155-A Lincoln Square Mall', 'Urbana', 'IL', '61801', 40.11, -88.21, 5.0, 8, 1, 'Naturopathic/Holistic;Traditional Chinese Medicine;Doctors;Acupuncture;Health & Medical'),
('YjfRCKCTqkcL1yTKPIwDlg', 'Savers', NULL, '3121 N Rancho Dr', 'Las Vegas', 'NV', '89130', 36.22, -115.21, 3.0, 29, 1, 'Shopping;Thrift Stores;Fashion;Used;Vintage & Consignment'),
('4m5g6GUGDN9NqkfA0dk9fA', 'Test America Preview Studios', 'The Strip', '3667 Las Vegas Blvd S, Ste H-82, Desert Passage Mall at the Aladdin', 'Las Vegas', 'NV', '89109', 36.11, -115.17, 3.0, 10, 1, 'Arts & Entertainment;Local Services'),
('cMlHcrlADb5gRWwFaNKhjg', 'Samurai Sam''s', 'Anthem', '10075 S Eastern Ave, Ste 116', 'Henderson', 'NV', '89052', 36.01, -115.11, 3.0, 19, 0, 'Asian Fusion;Japanese;Restaurants;Salad'),
('Ett_hy5k5_hI4GvPN9cyHg', 'Ulta Beauty', 'Southeast', '6689 Las Vegas Blvd S', 'Las Vegas', 'NV', '89119', 36.07, -115.17, 5.0, 24, 1, 'Hair Salons;Blow Dry/Out Services;Beauty & Spas;Cosmetics & Beauty Supply;Hair Extensions;Shopping'),
('MYB1ZMspBk1Xc_awp_PtSw', 'Naked City Pizza Express', 'Southwest', '6935 Blue Diamond Rd', 'Las Vegas', 'NV', '89178', 36.02, -115.24, 3.0, 46, 1, 'Sandwiches;Chicken Wings;Restaurants;Pizza'),
('FBptd43MkPFZxVLRMz0PFw', 'Orangetheory Fitness Solon', NULL, '6025 Kruse Dr', 'Solon', 'OH', '44139', 41.39, -81.44, 3.0, 4, 1, 'Fitness & Instruction;Active Life;Gyms;Trainers;Interval Training Gyms;Boot Camps'),
('siQfx6lghJJbrb-fz-toOCQ', 'Swarovski Canada', 'Etobicoke', '25 The West Mall', 'Etobicoke', 'ON', 'M9C 1B8', 43.61, -79.56, 3.0, 3, 1, 'Home Decor;Shopping;Jewelry;Home & Garden'),
('9O0jWqGnHkBsXMOd-KOl4w', 'Hot and Sour', 'East Credit', '1010 Dreamcrest Road, Unit 2', 'Mississauga', 'ON', 'L5V 3A4', 43.59, -79.68, 3.0, 20, 1, 'Restaurants;Asian Fusion;Halal;Chinese'),
('z7ns1g4S82kaBdIAC_RMRw', 'Subway', NULL, '1000 Airport Blvd', 'Pittsburgh', 'PA', '15231', 40.49, -80.25, 3.0, 5, 1, 'Sandwiches;Fast Food;Restaurants'),
('VdoNOOcO8HmLHbmxE_3psA', 'Sonora Quest Laboratories', NULL, '9305 W Thomas Rd, Ste 300', 'Phoenix', 'AZ', '85037', 33.48, -112.26, 3.5, 7, 1, 'Medical Centers;Diagnostic Services;Health & Medical;Laboratory Testing'),
('D3Tpd4SrPAnZ1PaGVRGBfQ', 'Weinstube Klink', NULL, 'Epplestr. 1 C', 'Stuttgart', 'BW', '70597', 48.75, 9.17, 3.5, 3, 1, 'German;Bars;Nightlife;Wine Bars;Restaurants'),
('p3My4o49oL_aOY2M2QLu8w', 'The Chanter', 'Old Town', '30 - 32 Bread Street', 'Edinburgh', 'EDH', 'EH3 9AF', 55.95, -3.25, 2.0, 11, 1, 'Bars;Nightlife;Pubs'),
('XVDR44P_74FmA0ANanm4CQ', 'House of Pizza', 'Plaza Midwood', '3640 Central Ave', 'Charlotte', 'NC', '28205', 35.22, -80.78, 3.5, 75, 0, 'Greek;Restaurants;Pizza;Italian'),
('Ch7Kx4JPJePFvjpXw0PAVQ', 'AliKat Photography', NULL, NULL, 'Gilbert', 'AZ', '85234', 33.37, -111.75, 5.0, 12, 1, 'Photographers;Event Photography;Session Photography;Event Planning & Services'),
('CV05rBOr5DdDGvxUZkRFmg', 'Angeline''s', 'Uptown', '303 S Church St', 'Charlotte', 'NC', '28202', 35.23, -80.85, 3.5, 17, 1, 'Restaurants;Nightlife;Pizza;Cocktail Bars;Bars;Italian'),
('wHP1G6mEJJz5nDdA17R78w', 'Best Cleaners', 'Spring Valley', '7080 S Jones Blvd, Ste 103', 'Las Vegas', 'NV', '89118', 36.06, -115.22, 3.5, 18, 1, 'Local Services;Sewing & Alterations;Laundry Services;Dry Cleaning & Laundry'),
('m1Arqxfo66oyOqPrLTSYzw', 'Scorpion Specialists', NULL, NULL, 'Gilbert', 'AZ', '85297', 33.33, -111.79, 5.0, 7, 1, 'Local Services;Pest Control'),
('RtcVbq18T0vNODpGwHzcVQ', 'Standard Restaurant Supply', NULL, '5675 S Valley View', 'Las Vegas', 'NV', '89118', 36.09, -115.19, 3.5, 20, 1, 'Kitchen & Bath;Shopping;Home & Garden;Restaurant Supplies;Professional Services;Wholesalers'),
('RWuk_fBzdWc__FBEsPozZw', 'Walsh Heating and Cooling', NULL, '1650 E 361st St', 'Eastlake', 'OH', '44095', 41.64, -81.43, 5.0, 3, 1, 'Metal Fabricators;Heating & Air Conditioning/HVAC;Local Services;Home Services;Appliances & Repair'),
('EsE8KTPqAJ2MjJdmuAifRw', 'Dante''s Inferno Flats', 'East Bank', '1059 Old River Rd', 'Cleveland', 'OH', '44113', 41.5, -81.71, 3.5, 21, 1, 'Italian;Restaurants;Pizza'),
('PmLFk1s8pPVNXChqETM4MA', 'Coco Lezzone', 'The Annex', '137 Avenue Road', 'Toronto', 'ON', 'M5R 2H4', 43.67, -79.4, 5.0, 17, 0, 'Italian;Restaurants;Event Planning & Services;Caterers'),
('tqEQd2LD0DeAqkE9tbZ7zA', '#1 Cochran Hyundai - Monroeville', NULL, '4520 William Penn Hwy', 'Monroeville', 'PA', '15146', 40.44, -79.75, 3.5, 25, 1, 'Automotive;Car Dealers'),
('CppOcUSapx5kU2lQNt2w5w', 'Freemans', 'Marchmont', '2-6 Spottiswoode Road', 'Edinburgh', 'EDH', 'EH9 1DY', 55.94, -3.19, 5.0, 20, 0, 'Coffee & Tea;Food'),
('vVz2o24e17PuQtHJOkHPfA', 'Brown Bag Deli', 'Downtown', '817 Forbes Ave', 'Pittsburgh', 'PA', '15219', 40.44, -79.99, 3.5, 30, 0, 'Cafes;Food;Food Delivery Services;Sandwiches;Restaurants'),
('Oys6S-x8nYdTJqvY7ksGCA', 'La Cage Aux Sports', 'Ville-Marie', '1437 Boul Rene-Levesque Ouest', 'Montréal', 'QC', 'H3G 1T7', 45.49, -73.57, 3.5, 18, 0, 'Restaurants'),
('GaSR7qrkR5x0ubKe0av0rQ', 'Mr. Gao', 'Ville-Marie', '1550 boulevard de Maisonneuve Ouest', 'Montréal', 'QC', 'H3G 1N2', 45.5, -73.58, 5.0, 10, 1, 'Restaurants;Chinese'),
('YiaOpyu4qx0x1nJC_G33TQ', 'Grimaldi''s Pizzeria', NULL, '7131 West Ray Rd, Ste 23', 'Chandler', 'AZ', '85226', 33.32, -111.97, 4.0, 187, 1, 'Pizza;Restaurants'),
('owuI8y4A3iiYQlAp-fOmWQ', 'The Pilates Bodies', NULL, '8961 E Bell Rd, Ste 202', 'Scottsdale', 'AZ', '85260', 33.64, -111.89, 5.0, 3, 1, 'Active Life;Pilates;Fitness & Instruction'),
('mRDyt98UXamjbSOX9NinlA', 'Juniper Branch Library', NULL, '1825 West Union Hills Dr', 'Phoenix', 'AZ', '85027', 33.65, -112.14, 1.0, 6, 1, 'Libraries;Public Services & Government'),
('ueN-Y7p_fiRDSXeD9be14A', 'Lotus Bar & Grill', NULL, '9030 E Via Linda', 'Scottsdale', 'AZ', '85258', 33.57, -111.89, 4.0, 18, 0, 'Restaurants;Asian Fusion;Sports Bars;Bars;Nightlife'),
('gazJFJoMqPP_aG76kAWcYw', 'Tortas La Presa #2', NULL, '4425 W Glendale Ave', 'Glendale', 'AZ', '85301', 33.54, -112.15, 4.0, 8, 1, 'Mexican;Restaurants'),
('gBEWJ4b2OvUmN4Oh7ju3hw', 'Iron Chef', NULL, '10810 N Tatum Blvd, Ste 106', 'Phoenix', 'AZ', '85028', 33.59, -111.98, 4.0, 33, 1, 'Restaurants;Chinese;Japanese;Sushi Bars'),
('NizoFauSY9EgFKXdz5WoNg', 'Super Cool Heating & Cooling', NULL, '1014 E Southern Ave', 'Phoenix', 'AZ', '85040', 33.39, -112.06, 5.0, 3, 1, 'Heating & Air Conditioning/HVAC;Home Services'),
('QcTTRBfrd0rMzzuCDec_Cw', 'Jacquee''s Espresso', NULL, '40 N Central Ave, Ste 106', 'Phoenix', 'AZ', '85004', 33.45, -112.07, 4.0, 20, 1, 'Delis;Coffee & Tea;Restaurants;Food'),
('xTW5PkLEdMBs2f2W8RGy0g', 'Miele''s Italian and Banquet Hall', NULL, '2050 W Guadalupe Rd, Ste 9', 'Mesa', 'AZ', '85202', 33.36, -111.88, 4.0, 87, 1, 'Desserts;Italian;Pizza;Event Planning & Services;Buffets;Sandwiches;Food;Venues & Event Spaces;Restaurants'),
('sU26m6RAkTtaNUjiJUFqRw', 'Detroit Coney Cruiser', NULL, NULL, 'Scottsdale', 'AZ', NULL, 33.49, -111.93, 5.0, 6, 1, 'Food;Food Trucks'),
('1MxyFhzNpeIvTQHjtp-bSg', 'Diva Nails', NULL, '6611 W Peoria Ave, Ste 2', 'Glendale', 'AZ', '85302', 33.58, -112.24, 4.0, 3, 1, 'Nail Salons;Beauty & Spas'),
('yWmGplCGCnQBy9LJFaGa6A', 'Timesavers', NULL, '7745 E Redfield Rd, Ste 500', 'Scottsdale', 'AZ', '85260', 33.61, -111.91, 4.0, 4, 1, 'Local Services;Furniture Repair;Watch Repair'),
('2CQc-0KPuF2S8axUdGH24w', 'Punto fisso', NULL, 'Christophstr. 14', 'Stuttgart', 'BW', '70178', 48.77, 9.18, 5.0, 5, 0, 'Financial Services;Wine Bars;Restaurants;Italian;Pizza;Financial Advising;Caterers;Nightlife;Food;Wedding Planning;Event Planning & Services;Bars'),
('ZStsZ_B3RNY6mLNFfpYQfA', 'Würschtle Bude', NULL, 'Poststr. 13', 'Böblingen', 'BW', '71032', 48.68, 9.01, 4.0, 3, 1, 'German;Restaurants;Food Stands;Curry Sausage;Schnitzel'),
('HJ5GABl8RsLYjiWC9Zf7PQ', 'Matthews Alive Festival', NULL, 'Trade St', 'Matthews', 'NC', '28105', 35.12, -80.72, 4.0, 5, 1, 'Arts & Entertainment;Festivals'),
('cTudgI-2jn-GlnZUmULy5Q', 'Bruegger''s Bagels', NULL, '1905 Matthews Township Pkwy', 'Matthews', 'NC', '28105', 35.12, -80.71, 4.0, 27, 1, 'Restaurants;Sandwiches;Breakfast & Brunch;Bagels;Food'),
('xl8jk0FbszttHyI_vjozkA', 'Ton V Lee, DDS', 'Southeast', '2425 E Hacienda Ave, Ste 120, Summerlin Smiles', 'Las Vegas', 'NV', '89120', 36.09, -115.12, 5.0, 4, 1, 'Health & Medical;Dentists;Cosmetic Dentists;General Dentistry'),
('nUR_AQd_6Dhpx3sb2T6megA', 'Aces Bar & Grill', 'Southwest', '7272 S El Capitan Way, Ste 2', 'Las Vegas', 'NV', '89148', 36.06, -115.29, 4.0, 77, 1, 'Nightlife;Food;Specialty Food;Sports Bars;Bars'),
('dJGMbloBEtXTAWSQBqS5pw', 'My Natural Health Centre', NULL, '3241 Major MacKenzie Road E', 'Richmond Hill', 'ON', 'L4S 1P4', 43.88, -79.38, 4.0, 6, 1, 'Health & Medical;Traditional Chinese Medicine'),
('ImIYQbWPsvLVSS0GyVz0og', 'T1 Rehabilitation & Wellness Center', 'Willowdale', '77 Finch Avenue W, Unit103', 'Toronto', 'ON', 'M2N 2H5', 43.78, -79.42, 4.0, 17, 1, 'Massage;Medical Spas;Health & Medical;Chiropractors;Beauty & Spas;Physical Therapy;Acupuncture'),
('XbtNbyIGaTitIuEgzEBCzg', 'Royal Care Medical Centre', 'Kensington Market', '295 College Street', 'Toronto', 'ON', 'M5T 1S2', 43.66, -79.4, 5.0, 6, 1, 'Health & Medical;Walk-in Clinics;Medical Centers'),
('rwOl_--ElAL1D50G8-BQLg', 'Signs Restaurant', 'Downtown Core', '558 Yonge Street', 'Toronto', 'ON', 'M4Y 1Z1', 43.66, -79.38, 4.0, 120, 0, 'Gluten-Free;Food;Canadian (New);Restaurants;Beer;Wine & Spirits;Vegan'),
('Wvst5nUM1Yd64cdjIPOD6w', 'Alima''s Roti and Pastry', 'Malton', '13 Kenview Boulevard, Unit 49', 'Brampton', 'ON', 'L6T 5K9', 43.74, -79.65, 4.0, 19, 1, 'Food;Caribbean;Specialty Food;Restaurants;Indian'),
('lTxZFiWEd2NNF4Eh7_mlRg', 'Kassab''s', 'South Side', '1207 E Carson St', 'Pittsburgh', 'PA', '15203', 40.43, -79.99, 4.0, 10, 1, 'Middle Eastern;Greek;Mediterranean;Lebanese;Restaurants'),
('WCMt5LU2NnkmzjKNhTB7UA', 'FW Day Post 7591', 'Lake Edge', '301 Cottage Grove Rd', 'Madison', 'WI', '53716', 43.08, -89.32, 5.0, 7, 1, 'American (Traditional);Restaurants;Fish & Chips'),
('VFWt5LU2NnkmzjKNhTB7UA', 'Jacs Dining and Tap House', 'Dudgeon-Monroe', '2611 Monroe St', 'Madison', 'WI', '53711', 43.06, -89.43, 4.0, 19, 7, 'American (New);Restaurants;Gluten-Free;Modern European'),
('BXyOtdsnUfGxMYtoM7lIwQ', 'Arizona Armory', NULL, NULL, 'Phoenix', 'AZ', '85009', 33.44, -112.13, 4.5, 6, 1, 'Guns & Ammo;Shopping;Gun/Rifle Ranges;Active Life'),
('eyU4hQOMAG--PUFK-lihDA', 'Pepperwood Water & Ice Cream', NULL, '805 W Baseline Rd, Ste 2', 'Tempe', 'AZ', '85283', 33.38, -111.95, 5.0, 13, 1, 'Water Stores;Ice Cream & Frozen Yogurt;Shaved Ice;Food'),
('d7y2sEZQGTUQIxKJ4fFS-w', 'Tahoe Designs', NULL, NULL, 'Phoenix', 'AZ', '85003', 33.44, -112.06, 4.5, 6, 1, 'Cabinetry;Home Services;Contractors'),
('vV6oNhupyM8gEhjmhqLPjQ', 'Anita Purves Nature Center', NULL, '1505 N Broadway Ave', 'Urbana', 'IL', '61801', 40.13, -88.21, 5.0, 5, 1, 'Parks;Active Life'),
('eLRCVsfSUKteoCQi_LVdGg', 'Savvy Lingerie', 'Westside', '750 S Rampart Blvd, Ste 5', 'Las Vegas', 'NV', '89145', 36.16, -115.29, 4.5, 110, 1, 'Women''s Clothing;Shopping;Swimwear;Lingerie;Fashion'),
('dkLhVfBjMnlQeLl5SGb9KA', 'Sweets By Maggie', NULL, '7660 Leavitt Rd', 'Amherst', 'OH', '44001', 41.38, -82.21, 5.0, 8, 0, 'Bakeries;Food'),
('l4xrBZAKLXpSR4iprqTw8A', 'Mark''s', NULL, '1015 Lakeshore Boulevard E, Unit 5', 'Toronto', 'ON', 'M4M 1B3', 43.66, -79.33, 5.0, 3, 1, 'Women''s Clothing;Shopping;Fashion;Men''s Clothing'),
('ICdzSGuv70gpSk7aqpIrHw', 'Wok-In Bbq', NULL, '3540 Rutherford Road, Unit 67', 'Vaughan', 'ON', 'L4H 3T8', 43.83, -79.55, 4.5, 10, 1, 'Chinese;Barbeque;Restaurants'),
('wk3wGDfJb1V-ciZpyhoNAA', 'Bic''s Pub and Grill', NULL, '560 State Road 130', 'Trafford', 'PA', '15085', 40.39, -79.73, 4.5, 7, 1, 'Pubs;American (Traditional);Nightlife;Bars;Pizza;Restaurants'),
('NBYN4Nks_EsPHyAlJ_mdNw', 'Bistro Merlot', NULL, '18425 Antoine Faucon', 'Pierrefonds', 'QC', 'H9K 1M7', 45.45, -73.89, 4.5, 8, 0, 'Salad;Pizza;Restaurants;Event Planning & Services;Vietnamese;Caterers'),
('xPy6fq53MdGMxtbvxBD4RA', 'The Addison', NULL, '2674 N Park Ln', 'Fitchburg', 'WI', '53711', 43.0, -89.45, 5.0, 1, 1, 'Property Management;Condominiums;Apartments;Home Services;Real Estate');

