-- Insert into dim_product
INSERT IGNORE INTO dim_product (prod_sku_id, prod_sku_name, prod_brand, market_name) VALUES
('P472', 'iphone-13', 'Apple', 'Apple IPhone 13'),
('P473', 'iphone-13-promax', 'Apple', 'Apply IPhone 13 Pro Max'),
('P474', 'macbook-pro-13', 'Apple', 'Apple Macbook Pro 13\'\''),
('P475', 'macbook-air-13', 'Apple', 'Apple Makbook Air 13\'\''),
('P476', 'ipad', 'Apple', 'Apple IPad'),
('P477', 'ipad-pro', 'Apple', 'Apple IPad Pro'),
('P478', 'galaxy-s21', 'Samsung', 'Samsung Galaxy S21'),
('P479', 'galaxy-s22plus', 'Samsung', 'Samsung Galaxy S22+'),
('P480', 'galaxy-watch4', 'Samsung', 'Samsung Galaxy Watch4'),
('P481', 'galaxy-tab-a', 'Samsung', 'Samsung Galaxy Tab A'),
('P482', 'galaxy-tab-s8', 'Samsung', 'Samsung Galaxy Tab 8'),
('P483', 'xps-13', 'Dell', 'Dell XPS13'),
('P484', 'inspiron-13', 'Dell', 'Dell Inspiron 13'),
('P485', 'powershot-g7', 'Canon', 'Canon PowerShot G7 X Mark III'),
('P486', 'hero-10', 'GoPro', 'GoPro Hero 10'),
('P487', 'max', 'GoPro', 'GoPro Max'),
('P488', 'charge-5', 'JBL', 'JBL Charge 5'),
('P489', 'tuner-xl', 'JBL', 'JBL Tuner XL');
-- Insert into map_customer_territory
INSERT IGNORE INTO map_customer_territory (cust_id, territory_id) VALUES
('C273', 'T3'),
('C274', 'T3'),
('C275', 'T1'),
('C276', 'T1'),
('C277', 'T1'),
('C278', 'T2'),
('C279', 'T2'),
('C280', 'T4'),
('C281', 'T4'),
('C282', 'T4'),
('C283', 'T4'),
('C284', 'T5'),
('C285', 'T5'),
('C286', 'T3'),
('C287', 'T3');
-- Insert into fct_customer_sales
INSERT IGNORE INTO fct_customer_sales (cust_id, prod_sku_id, order_date, order_value, order_id) VALUES
('C274', 'P474', '2021-06-28', 1500, 'O110'),
('C285', 'P472', '2021-06-28', 899, 'O118'),
('C282', 'P487', '2021-06-30', 500, 'O125'),
('C282', 'P476', '2021-07-02', 999, 'O146'),
('C284', 'P487', '2021-07-07', 500, 'O149'),
('C285', 'P478', '2021-07-12', 700, 'O150'),
('C287', 'P489', '2021-07-13', 189, 'O151'),
('C284', 'P482', '2021-07-15', 725, 'O156'),
('C281', 'P482', '2021-07-19', 725, 'O164'),
('C282', 'P480', '2021-07-22', 300, 'O172'),
('C281', 'P477', '2021-07-23', 1400, 'O174'),
('C273', 'P487', '2021-07-26', 500, 'O181'),
('C287', 'P482', '2021-07-27', 725, 'O186'),
('C280', 'P482', '2021-07-30', 725, 'O190'),
('C282', 'P482', '2021-08-09', 725, 'O202'),
('C280', 'P475', '2021-08-10', 1200, 'O203'),
('C285', 'P487', '2021-08-11', 500, 'O219'),
('C282', 'P486', '2021-08-12', 420, 'O228'),
('C285', 'P479', '2021-08-12', 1020, 'O242'),
('C276', 'P477', '2021-08-13', 1400, 'O244'),
('C283', 'P476', '2021-08-18', 999, 'O246'),
('C285', 'P474', '2021-08-18', 1500, 'O275'),
('C273', 'P482', '2021-08-19', 725, 'O276'),
('C280', 'P474', '2020-08-19', 1500, 'O290'),
('C277', 'P480', '2021-08-23', 300, 'O293'),
('C284', 'P482', '2021-08-30', 725, 'O313'),
('C287', 'P479', '2021-08-31', 1020, 'O315'),
('C277', 'P484', '2021-09-08', 899, 'O322'),
('C275', 'P479', '2021-09-10', 1020, 'O336'),
('C275', 'P475', '2021-09-13', 1200, 'O337'),
('C283', 'P482', '2021-09-13', 725, 'O368'),
('C283', 'P486', '2021-09-14', 420, 'O371'),
('C282', 'P482', '2021-09-20', 725, 'O381'),
('C273', 'P487', '2021-09-23', 500, 'O385'),
('C285', 'P472', '2021-10-01', 899, 'O398'),
('C283', 'P475', '2021-10-04', 1200, 'O399'),
('C279', 'P479', '2021-10-04', 1020, 'O423'),
('C273', 'P472', '2021-10-06', 899, 'O430'),
('C274', 'P476', '2021-10-06', 999, 'O438'),
('C278', 'P478', '2021-10-08', 700, 'O445'),
('C278', 'P472', '2021-10-11', 899, 'O487'),
('C285', 'P486', '2021-10-12', 420, 'O500'),
('C273', 'P487', '2021-10-15', 500, 'O513'),
('C284', 'P489', '2021-10-18', 189, 'O518'),
('C283', 'P486', '2021-10-19', 420, 'O523'),
('C283', 'P477', '2021-10-22', 1400, 'O566'),
('C284', 'P472', '2021-10-25', 899, 'O567'),
('C277', 'P482', '2021-10-29', 725, 'O571'),
('C280', 'P482', '2021-11-03', 725, 'O599'),
('C278', 'P480', '2021-11-04', 300, 'O618'),
('C277', 'P489', '2021-11-05', 189, 'O620'),
('C281', 'P482', '2021-11-09', 725, 'O626'),
('C283', 'P480', '2021-11-11', 300, 'O645'),
('C284', 'P487', '2021-11-15', 500, 'O657'),
('C275', 'P479', '2021-11-19', 1020, 'O680'),
('C281', 'P479', '2021-11-22', 1020, 'O681'),
('C285', 'P480', '2021-11-22', 300, 'O713'),
('C284', 'P476', '2021-11-23', 999, 'O728'),
('C274', 'P485', '2011-11-24', 629, 'O745'),
('C286', 'P474', '2021-11-25', 1500, 'O747'),
('C286', 'P484', '2021-11-26', 899, 'O752'),
('C277', 'P472', '2021-11-29', 899, 'O776'),
('C281', 'P484', '2021-11-30', 899, 'O788'),
('C275', 'P474', '2021-12-01', 1500, 'O796'),
('C280', 'P475', '2021-12-03', 1200, 'O831'),
('C285', 'P480', '2021-12-10', 300, 'O834'),
('C286', 'P487', '2021-12-13', 500, 'O835'),
('C281', 'P476', '2021-12-15', 999, 'O844'),
('C284', 'P486', '2021-12-15', 420, 'O853'),
('C283', 'P478', '2021-12-16', 700, 'O858'),
('C285', 'P489', '2021-12-16', 189, 'O881'),
('C285', 'P484', '2021-12-20', 899, 'O887'),
('C286', 'P489', '2021-12-20', 189, 'O893'),
('C287', 'P485', '2021-12-24', 629, 'O906'),
('C280', 'P477', '2021-12-24', 1400, 'O922'),
('C276', 'P478', '2021-12-31', 700, 'O951'),
('C283', 'P486', '2022-01-03', 420, 'O963'),
('C281', 'P489', '2022-01-11', 189, 'O991');


-- Insert web log data
INSERT IGNORE INTO facebook_web_log (user_id, timestamp, action) VALUES
(0, '2019-04-25 13:30:15', 'page_load'),
(0, '2019-04-25 13:30:18', 'page_load'),
(0, '2019-04-25 13:30:40', 'scroll_down'),
(0, '2019-04-25 13:30:45', 'scroll_up'),
(0, '2019-04-25 13:31:10', 'scroll_down'),
(0, '2019-04-25 13:31:25', 'scroll_down'),
(0, '2019-04-25 13:31:40', 'page_exit'),
(1, '2019-04-25 13:40:00', 'page_load'),
(1, '2019-04-25 13:40:10', 'scroll_down'),
(1, '2019-04-25 13:40:15', 'scroll_down'),
(1, '2019-04-25 13:40:20', 'scroll_down'),
(1, '2019-04-25 13:40:25', 'scroll_down'),
(1, '2019-04-25 13:40:30', 'scroll_down'),
(1, '2019-04-25 13:40:35', 'page_exit'),
(2, '2019-04-25 13:41:21', 'page_load'),
(2, '2019-04-25 13:41:30', 'scroll_down'),
(2, '2019-04-25 13:41:35', 'scroll_down'),
(2, '2019-04-25 13:41:40', 'scroll_up'),
(1, '2019-04-26 11:15:00', 'page_load'),
(1, '2019-04-26 11:15:10', 'scroll_down'),
(1, '2019-04-26 11:15:20', 'scroll_down'),
(1, '2019-04-26 11:15:25', 'scroll_up'),
(1, '2019-04-26 11:15:35', 'page_exit'),
(0, '2019-04-28 14:30:15', 'page_load'),
(0, '2019-04-28 14:30:10', 'page_load'),
(0, '2019-04-28 13:30:40', 'scroll_down'),
(0, '2019-04-28 15:31:40', 'page_exit');


-- Insert transactions data
INSERT IGNORE INTO sf_transactions (id, created_at, transaction_value, purchase_id) VALUES
(1, '2019-01-01', 172692, 43),
(2, '2019-01-05', 177194, 36),
(3, '2019-01-09', 109513, 30),
(4, '2019-01-13', 164911, 30),
(5, '2019-01-17', 198872, 39),
(6, '2019-01-21', 184853, 31),
(7, '2019-01-25', 186817, 26),
(8, '2019-01-29', 137784, 22),
(9, '2019-02-02', 140032, 25),
(10, '2019-02-06', 116948, 43),
(11, '2019-02-10', 162515, 25),
(12, '2019-02-14', 114256, 12),
(13, '2019-02-18', 197465, 48),
(14, '2019-02-22', 120741, 20),
(15, '2019-02-26', 100074, 49),
(16, '2019-03-02', 157548, 19),
(17, '2019-03-06', 105506, 16),
(18, '2019-03-10', 189351, 46),
(19, '2019-03-14', 191231, 29),
(20, '2019-03-18', 120575, 44),
(21, '2019-03-22', 151688, 47),
(22, '2019-03-26', 102327, 18),
(23, '2019-03-30', 156147, 25),
(24, '2019-04-03', 192530, 36),
(25, '2019-04-07', 154765, 42),
(26, '2019-04-11', 113336, 12),
(27, '2019-04-15', 129073, 50),
(28, '2019-04-19', 123477, 21),
(29, '2019-04-23', 182142, 31),
(30, '2019-04-27', 116546, 39),
(31, '2019-05-01', 174748, 26),
(32, '2019-05-05', 155693, 42),
(33, '2019-05-09', 103012, 25),
(34, '2019-05-13', 187960, 33),
(35, '2019-05-17', 101202, 18),
(36, '2019-05-21', 112522, 10),
(37, '2019-05-25', 195969, 37),
(38, '2019-05-29', 117284, 40),
(39, '2019-06-02', 112956, 36),
(40, '2019-06-06', 174157, 29),
(41, '2019-06-10', 125975, 45),
(42, '2019-06-14', 110340, 29),
(43, '2019-06-18', 143066, 31),
(44, '2019-06-22', 153270, 11),
(45, '2019-06-26', 139635, 29),
(46, '2019-06-30', 157071, 35),
(47, '2019-07-04', 166552, 18),
(48, '2019-07-08', 197587, 34),
(49, '2019-07-12', 103958, 37),
(50, '2019-07-16', 111305, 28),
(51, '2019-07-20', 190266, 39),
(52, '2019-07-24', 116060, 44),
(53, '2019-07-28', 163802, 48),
(54, '2019-08-01', 188558, 21),
(55, '2019-08-05', 166528, 49),
(56, '2019-08-09', 141463, 28),
(57, '2019-08-13', 120110, 34),
(58, '2019-08-17', 159368, 12),
(59, '2019-08-21', 184900, 46),
(60, '2019-08-25', 190372, 38),
(61, '2019-08-29', 195877, 15),
(62, '2019-09-02', 143221, 21),
(63, '2019-09-06', 160413, 41),
(64, '2019-09-10', 183919, 43),
(65, '2019-09-14', 134535, 34),
(66, '2019-09-18', 188646, 31),
(67, '2019-09-22', 122706, 27),
(68, '2019-09-26', 160016, 21),
(69, '2019-09-30', 186777, 21),
(70, '2019-10-04', 165442, 50),
(71, '2019-10-08', 172445, 43),
(72, '2019-10-12', 167910, 21),
(73, '2019-10-16', 116646, 35),
(74, '2019-10-20', 163287, 15),
(75, '2019-10-24', 187293, 43),
(76, '2019-10-28', 144823, 11),
(77, '2019-11-01', 118317, 10),
(78, '2019-11-05', 166105, 38),
(79, '2019-11-09', 121128, 11),
(80, '2019-11-13', 177355, 38),
(81, '2019-11-17', 176442, 50),
(82, '2019-11-21', 129837, 10),
(83, '2019-11-25', 122363, 38),
(84, '2019-11-29', 125469, 10),
(85, '2019-12-03', 109657, 20),
(86, '2019-12-07', 108782, 35),
(87, '2019-12-11', 149235, 18),
(88, '2019-12-15', 187243, 36),
(89, '2019-12-19', 152538, 20),
(90, '2019-12-23', 178861, 34),
(91, '2019-12-27', 122675, 30),
(92, '2019-12-31', 104037, 18);

-- Insert data into contracts
INSERT IGNORE INTO contracts (customer_id, num_seats, yearly_seat_cost) VALUES
(2690, 50, 25),
(4520, 200, 50),
(4520, 150, 50),
(4520, 150, 50),
(7832, 878, 50);

-- Insert data into customers
INSERT IGNORE INTO customers (customer_id, name, employee_count) VALUES
(4520, 'Bell Labs', 500),
(2690, 'DescisionEnablers', 99),
(7832, 'GitHub', 878);


-- Insert statement for all fraud_score records
INSERT INTO fraud_score (policy_num, state, claim_cost, fraud_score) VALUES
('ABCD1001', 'CA', 4113, 0.61),
('ABCD1002', 'CA', 3946, 0.16),
('ABCD1003', 'CA', 4335, 0.01),
('ABCD1004', 'CA', 3967, 0.14),
('ABCD1005', 'CA', 1599, 0.89),
('ABCD1006', 'CA', 1021, 0.87),
('ABCD1007', 'CA', 1725, 0.51),
('ABCD1008', 'CA', 1794, 0.35),
('ABCD1009', 'CA', 4593, 0.57),
('ABCD1010', 'CA', 3430, 0.93),
('ABCD1011', 'CA', 4648, 0.18),
('ABCD1012', 'CA', 3963, 0.51),
('ABCD1013', 'CA', 3284, 0.22),
('ABCD1014', 'CA', 1068, 0.03),
('ABCD1015', 'CA', 4171, 0.37),
('ABCD1016', 'CA', 1639, 0.96),
('ABCD1017', 'CA', 2171, 0.29),
('ABCD1018', 'CA', 2627, 0.34),
('ABCD1019', 'CA', 1681, 0.18),
('ABCD1020', 'CA', 1516, 0.07),
('ABCD1021', 'CA', 4898, 0.95),
('ABCD1022', 'CA', 1149, 0.91),
('ABCD1023', 'CA', 2613, 0.36),
('ABCD1024', 'CA', 4202, 0.68),
('ABCD1025', 'CA', 2861, 0.21),
('ABCD1026', 'CA', 1745, 0.55),
('ABCD1027', 'CA', 2663, 0.99),
('ABCD1028', 'CA', 1920, 0.08),
('ABCD1029', 'CA', 4780, 0.45),
('ABCD1030', 'CA', 1336, 0.93),
('ABCD1031', 'CA', 3895, 0.02),
('ABCD1032', 'CA', 2329, 0.33),
('ABCD1033', 'CA', 4833, 0.84),
('ABCD1034', 'CA', 3995, 0.51),
('ABCD1035', 'CA', 1578, 0.44),
('ABCD1036', 'CA', 3935, 0.29),
('ABCD1037', 'CA', 1662, 0.17),
('ABCD1038', 'CA', 2476, 0.75),
('ABCD1039', 'CA', 4388, 0.19),
('ABCD1040', 'CA', 3426, 0.61),
('ABCD1041', 'CA', 3241, 0.84),
('ABCD1042', 'CA', 4674, 0.91),
('ABCD1043', 'CA', 4683, 0.11),
('ABCD1044', 'CA', 3412, 0.53),
('ABCD1045', 'CA', 1088, 0.37),
('ABCD1046', 'CA', 2368, 0.72),
('ABCD1047', 'CA', 3253, 0.08),
('ABCD1048', 'CA', 2558, 0.28),
('ABCD1049', 'CA', 4067, 0.74),
('ABCD1050', 'CA', 4810, 0.58),
('ABCD1051', 'CA', 2418, 0.59),
('ABCD1052', 'CA', 1778, 0.13),
('ABCD1053', 'CA', 4495, 0.11),
('ABCD1054', 'CA', 2814, 0.22),
('ABCD1055', 'CA', 4269, 0.11),
('ABCD1056', 'CA', 2547, 0.48),
('ABCD1057', 'CA', 2115, 0.85),
('ABCD1058', 'CA', 1905, 0.54),
('ABCD1059', 'CA', 4949, 0.44),
('ABCD1060', 'CA', 2178, 0.04),
('ABCD1061', 'CA', 4379, 0.66),
('ABCD1062', 'CA', 1898, 0.24),
('ABCD1063', 'CA', 4548, 0.62),
('ABCD1064', 'CA', 4280, 0.37),
('ABCD1065', 'CA', 3398, 0.06),
('ABCD1066', 'CA', 4106, 0.29),
('ABCD1067', 'CA', 1911, 0.89),
('ABCD1068', 'CA', 3143, 0.26),
('ABCD1069', 'CA', 1426, 0.95),
('ABCD1070', 'CA', 3271, 0.60),
('ABCD1071', 'CA', 2584, 0.88),
('ABCD1072', 'CA', 1777, 0.34),
('ABCD1073', 'CA', 3896, 0.86),
('ABCD1074', 'CA', 1739, 0.89),
('ABCD1075', 'CA', 3410, 0.23),
('ABCD1076', 'CA', 4004, 0.33),
('ABCD1077', 'CA', 1462, 0.04),
('ABCD1078', 'CA', 4983, 0.46),
('ABCD1079', 'CA', 4224, 0.96),
('ABCD1080', 'CA', 4653, 0.77),
('ABCD1081', 'CA', 1080, 0.95),
('ABCD1082', 'CA', 4517, 0.53),
('ABCD1083', 'CA', 2217, 0.80),
('ABCD1084', 'CA', 2804, 0.93),
('ABCD1085', 'CA', 2192, 0.60),
('ABCD1086', 'CA', 4516, 0.93),
('ABCD1087', 'CA', 3345, 0.01),
('ABCD1088', 'CA', 4093, 0.45),
('ABCD1089', 'CA', 3137, 0.19),
('ABCD1090', 'CA', 4611, 0.12),
('ABCD1091', 'CA', 4863, 0.74),
('ABCD1092', 'CA', 2465, 0.28),
('ABCD1093', 'CA', 1368, 0.34),
('ABCD1094', 'CA', 3803, 0.34),
('ABCD1095', 'CA', 4309, 0.44),
('ABCD1096', 'CA', 1492, 0.83),
('ABCD1097', 'CA', 3330, 0.65),
('ABCD1098', 'CA', 1749, 0.78),
('ABCD1099', 'CA', 4692, 0.08),
('ABCD1100', 'NY', 1479, 0.92),
('ABCD1101', 'NY', 3338, 0.53),
('ABCD1102', 'NY', 3156, 0.83),
('ABCD1103', 'NY', 3279, 0.01),
('ABCD1104', 'NY', 4041, 0.52),
('ABCD1105', 'NY', 3138, 0.09),
('ABCD1106', 'NY', 2681, 0.33),
('ABCD1107', 'NY', 3354, 0.51),
('ABCD1108', 'NY', 4803, 0.07),
('ABCD1109', 'NY', 3715, 0.41),
('ABCD1110', 'NY', 3848, 0.96),
('ABCD1111', 'NY', 4243, 0.60),
('ABCD1112', 'NY', 3673, 0.78),
('ABCD1113', 'NY', 2506, 0.39),
('ABCD1114', 'NY', 2833, 0.53),
('ABCD1115', 'NY', 3494, 0.52),
('ABCD1116', 'NY', 3649, 0.82),
('ABCD1117', 'NY', 4903, 0.98),
('ABCD1118', 'NY', 3666, 0.16),
('ABCD1119', 'NY', 1176, 0.67),
('ABCD1120', 'NY', 3652, 0.60),
('ABCD1121', 'NY', 4009, 0.97),
('ABCD1122', 'NY', 2700, 0.14),
('ABCD1123', 'NY', 3612, 0.00),
('ABCD1124', 'NY', 2755, 0.56),
('ABCD1125', 'NY', 1904, 0.97),
('ABCD1126', 'NY', 2632, 0.62),
('ABCD1127', 'NY', 1973, 0.94),
('ABCD1128', 'NY', 4540, 0.82),
('ABCD1129', 'NY', 1988, 0.54),
('ABCD1130', 'NY', 1072, 0.01),
('ABCD1131', 'NY', 2135, 0.23),
('ABCD1132', 'NY', 1331, 0.15),
('ABCD1133', 'NY', 3007, 0.59),
('ABCD1134', 'NY', 4137, 0.02),
('ABCD1135', 'NY', 3437, 0.79),
('ABCD1136', 'NY', 2558, 0.59),
('ABCD1137', 'NY', 1972, 0.78),
('ABCD1138', 'NY', 3132, 0.46),
('ABCD1139', 'NY', 2649, 0.21),
('ABCD1140', 'NY', 3353, 0.71),
('ABCD1141', 'NY', 3731, 0.84),
('ABCD1142', 'NY', 4142, 0.79),
('ABCD1143', 'NY', 3079, 0.24),
('ABCD1144', 'NY', 4391, 0.75),
('ABCD1145', 'NY', 3121, 0.38),
('ABCD1146', 'NY', 4819, 0.43),
('ABCD1147', 'NY', 2857, 0.60),
('ABCD1148', 'NY', 4870, 0.54),
('ABCD1149', 'NY', 4183, 0.34),
('ABCD1150', 'NY', 1997, 0.03),
('ABCD1151', 'NY', 2874, 0.96),
('ABCD1152', 'NY', 1494, 0.64),
('ABCD1153', 'NY', 1385, 0.79),
('ABCD1154', 'NY', 2956, 0.54),
('ABCD1155', 'NY', 2139, 0.44),
('ABCD1156', 'NY', 1238, 0.25),
('ABCD1157', 'NY', 4017, 0.64),
('ABCD1158', 'NY', 2958, 0.28),
('ABCD1159', 'NY', 4794, 0.02),
('ABCD1160', 'NY', 3953, 0.17),
('ABCD1161', 'NY', 3332, 0.10),
('ABCD1162', 'NY', 2854, 0.22),
('ABCD1163', 'NY', 3296, 0.06),
('ABCD1164', 'NY', 3813, 0.72),
('ABCD1165', 'NY', 4271, 0.64),
('ABCD1166', 'NY', 2521, 0.56),
('ABCD1167', 'NY', 2692, 0.10),
('ABCD1168', 'NY', 3173, 0.41),
('ABCD1169', 'NY', 2981, 0.57),
('ABCD1170', 'NY', 1827, 0.20),
('ABCD1171', 'NY', 1622, 0.53),
('ABCD1172', 'NY', 2902, 0.88),
('ABCD1173', 'NY', 2887, 0.04),
('ABCD1174', 'NY', 3547, 0.44),
('ABCD1175', 'NY', 4331, 0.71),
('ABCD1176', 'NY', 2501, 0.84),
('ABCD1177', 'NY', 2705, 0.56),
('ABCD1178', 'NY', 4471, 0.40),
('ABCD1179', 'NY', 2917, 0.17),
('ABCD1180', 'NY', 2026, 0.92),
('ABCD1181', 'NY', 4174, 0.27),
('ABCD1182', 'NY', 4839, 0.85),
('ABCD1183', 'NY', 3105, 0.05),
('ABCD1184', 'NY', 1666, 0.88),
('ABCD1185', 'NY', 1283, 0.00),
('ABCD1186', 'NY', 4879, 0.40),
('ABCD1187', 'NY', 3722, 0.98),
('ABCD1188', 'NY', 2158, 0.51),
('ABCD1189', 'NY', 3577, 0.98),
('ABCD1190', 'NY', 3451, 0.94),
('ABCD1191', 'NY', 4179, 0.76),
('ABCD1192', 'NY', 1249, 0.38),
('ABCD1193', 'NY', 2660, 0.26),
('ABCD1194', 'NY', 1242, 0.92),
('ABCD1195', 'NY', 1036, 0.06),
('ABCD1196', 'NY', 2994, 0.97),
('ABCD1197', 'NY', 3753, 0.41),
('ABCD1198', 'NY', 2246, 0.67),
('ABCD1199', 'NY', 2335, 0.88),
('ABCD1200', 'FL', 3271, 0.63),
('ABCD1201', 'FL', 4033, 0.50),
('ABCD1202', 'FL', 1083, 0.90),
('ABCD1203', 'FL', 2188, 0.80),
('ABCD1204', 'FL', 3340, 0.77),
('ABCD1205', 'FL', 2986, 0.03),
('ABCD1206', 'FL', 2971, 0.46),
('ABCD1207', 'FL', 1275, 0.09),
('ABCD1208', 'FL', 4215, 0.26),
('ABCD1209', 'FL', 4061, 0.92),
('ABCD1210', 'FL', 3410, 0.07),
('ABCD1211', 'FL', 3564, 0.42),
('ABCD1212', 'FL', 2956, 0.92),
('ABCD1213', 'FL', 2482, 0.32),
('ABCD1214', 'FL', 2113, 0.39),
('ABCD1215', 'FL', 2675, 0.72),
('ABCD1216', 'FL', 3978, 0.49),
('ABCD1217', 'FL', 1729, 0.17),
('ABCD1218', 'FL', 1419, 0.96),
('ABCD1219', 'FL', 4553, 0.24),
('ABCD1220', 'FL', 2561, 0.21),
('ABCD1221', 'FL', 2220, 0.61),
('ABCD1222', 'FL', 2392, 0.99),
('ABCD1223', 'FL', 1002, 0.73),
('ABCD1224', 'FL', 2674, 0.32),
('ABCD1225', 'FL', 1962, 0.81),
('ABCD1226', 'FL', 4160, 0.54),
('ABCD1227', 'FL', 2687, 0.91),
('ABCD1228', 'FL', 2792, 0.08),
('ABCD1229', 'FL', 2788, 0.06),
('ABCD1230', 'FL', 2560, 0.92),
('ABCD1231', 'FL', 4774, 0.58),
('ABCD1232', 'FL', 3178, 0.76),
('ABCD1233', 'FL', 1476, 0.58),
('ABCD1234', 'FL', 2786, 0.69),
('ABCD1235', 'FL', 3957, 0.02),
('ABCD1236', 'FL', 1730, 0.32),
('ABCD1237', 'FL', 2522, 0.02),
('ABCD1238', 'FL', 1541, 0.21),
('ABCD1239', 'FL', 4199, 0.21),
('ABCD1240', 'FL', 1263, 0.11),
('ABCD1241', 'FL', 4057, 0.45),
('ABCD1242', 'FL', 3310, 0.29),
('ABCD1243', 'FL', 3562, 0.54),
('ABCD1244', 'FL', 3037, 0.38),
('ABCD1245', 'FL', 4315, 0.32),
('ABCD1246', 'FL', 2494, 0.19),
('ABCD1247', 'FL', 1138, 0.92),
('ABCD1248', 'FL', 4636, 0.51),
('ABCD1249', 'FL', 4301, 0.76),
('ABCD1250', 'FL', 2537, 0.71),
('ABCD1251', 'FL', 1705, 0.77),
('ABCD1252', 'FL', 4537, 0.14),
('ABCD1253', 'FL', 2317, 0.09),
('ABCD1254', 'FL', 4475, 0.33),
('ABCD1255', 'FL', 2250, 0.23),
('ABCD1256', 'FL', 3800, 0.36),
('ABCD1257', 'FL', 3273, 0.06),
('ABCD1258', 'FL', 3384, 0.67),
('ABCD1259', 'FL', 3654, 0.28),
('ABCD1260', 'FL', 2382, 0.65),
('ABCD1261', 'FL', 2948, 0.21),
('ABCD1262', 'FL', 1052, 0.08),
('ABCD1263', 'FL', 1325, 0.08),
('ABCD1264', 'FL', 3621, 0.02),
('ABCD1265', 'FL', 4140, 0.34),
('ABCD1266', 'FL', 1766, 0.79),
('ABCD1267', 'FL', 3487, 0.83),
('ABCD1268', 'FL', 4742, 0.08),
('ABCD1269', 'FL', 4238, 0.43),
('ABCD1270', 'FL', 4491, 0.43),
('ABCD1271', 'FL', 1121, 0.44),
('ABCD1272', 'FL', 3840, 0.03),
('ABCD1273', 'FL', 4116, 0.41),
('ABCD1274', 'FL', 4240, 0.87),
('ABCD1275', 'FL', 4110, 0.08),
('ABCD1276', 'FL', 3113, 0.55),
('ABCD1277', 'FL', 2057, 0.92),
('ABCD1278', 'FL', 1229, 0.75),
('ABCD1279', 'FL', 1800, 0.41),
('ABCD1280', 'FL', 4875, 0.48),
('ABCD1281', 'FL', 3957, 0.27),
('ABCD1282', 'FL', 1499, 0.81),
('ABCD1283', 'FL', 2923, 0.45),
('ABCD1284', 'FL', 1366, 0.18),
('ABCD1285', 'FL', 2146, 0.87),
('ABCD1286', 'FL', 4549, 0.52),
('ABCD1287', 'FL', 3081, 0.54),
('ABCD1288', 'FL', 2513, 0.76),
('ABCD1289', 'FL', 1230, 0.01),
('ABCD1290', 'FL', 2823, 0.50),
('ABCD1291', 'FL', 2581, 0.94),
('ABCD1292', 'FL', 4203, 0.49),
('ABCD1293', 'FL', 4780, 0.29),
('ABCD1294', 'FL', 1727, 0.03),
('ABCD1295', 'FL', 4294, 0.87),
('ABCD1296', 'FL', 2331, 0.15),
('ABCD1297', 'FL', 2388, 0.85),
('ABCD1298', 'FL', 1487, 0.65),
('ABCD1299', 'FL', 2719, 0.10),
('ABCD1300', 'TX', 4092, 0.34),
('ABCD1301', 'TX', 3430, 0.07),
('ABCD1302', 'TX', 3660, 0.35),
('ABCD1303', 'TX', 2403, 0.68),
('ABCD1304', 'TX', 1407, 1.00),
('ABCD1305', 'TX', 2193, 0.75),
('ABCD1306', 'TX', 3661, 0.65),
('ABCD1307', 'TX', 2782, 0.37),
('ABCD1308', 'TX', 2734, 0.44),
('ABCD1309', 'TX', 3548, 0.28),
('ABCD1310', 'TX', 1776, 0.29),
('ABCD1311', 'TX', 3575, 0.73),
('ABCD1312', 'TX', 2643, 0.13),
('ABCD1313', 'TX', 2607, 0.13),
('ABCD1314', 'TX', 4044, 0.42),
('ABCD1315', 'TX', 3105, 0.73),
('ABCD1316', 'TX', 2257, 0.21),
('ABCD1317', 'TX', 3044, 0.66),
('ABCD1318', 'TX', 2690, 0.80),
('ABCD1319', 'TX', 3642, 0.76),
('ABCD1320', 'TX', 1149, 0.12),
('ABCD1321', 'TX', 2321, 0.02),
('ABCD1322', 'TX', 3122, 0.35),
('ABCD1323', 'TX', 3052, 0.23),
('ABCD1324', 'TX', 1107, 0.80),
('ABCD1325', 'TX', 3113, 0.82),
('ABCD1326', 'TX', 2014, 0.33),
('ABCD1327', 'TX', 1225, 0.46),
('ABCD1328', 'TX', 2596, 0.37),
('ABCD1329', 'TX', 1094, 0.06),
('ABCD1330', 'TX', 2284, 0.85),
('ABCD1331', 'TX', 3778, 0.44),
('ABCD1332', 'TX', 4192, 0.48),
('ABCD1333', 'TX', 2110, 0.67),
('ABCD1334', 'TX', 1180, 0.67),
('ABCD1335', 'TX', 2586, 0.70),
('ABCD1336', 'TX', 2582, 0.07),
('ABCD1337', 'TX', 3645, 0.24),
('ABCD1338', 'TX', 4872, 0.43),
('ABCD1339', 'TX', 4788, 0.38),
('ABCD1340', 'TX', 2390, 0.09),
('ABCD1341', 'TX', 3325, 0.82),
('ABCD1342', 'TX', 3041, 0.75),
('ABCD1343', 'TX', 3865, 0.68),
('ABCD1344', 'TX', 3135, 0.59),
('ABCD1345', 'TX', 1752, 0.26),
('ABCD1346', 'TX', 4634, 0.61),
('ABCD1347', 'TX', 3632, 0.24),
('ABCD1348', 'TX', 3358, 0.33),
('ABCD1349', 'TX', 2350, 0.27),
('ABCD1350', 'TX', 4870, 0.93),
('ABCD1351', 'TX', 1870, 0.24),
('ABCD1352', 'TX', 2329, 0.49),
('ABCD1353', 'TX', 1764, 0.72),
('ABCD1354', 'TX', 4338, 0.48),
('ABCD1355', 'TX', 1655, 0.05),
('ABCD1356', 'TX', 4881, 0.46),
('ABCD1357', 'TX', 3163, 0.79),
('ABCD1358', 'TX', 3125, 0.46),
('ABCD1359', 'TX', 4164, 0.57),
('ABCD1360', 'TX', 1176, 0.06),
('ABCD1361', 'TX', 4950, 1.00),
('ABCD1362', 'TX', 4416, 0.40),
('ABCD1363', 'TX', 4103, 0.96),
('ABCD1364', 'TX', 1417, 0.73),
('ABCD1365', 'TX', 2479, 0.33),
('ABCD1366', 'TX', 2453, 0.97),
('ABCD1367', 'TX', 3212, 0.28),
('ABCD1368', 'TX', 4394, 0.21),
('ABCD1369', 'TX', 3332, 0.25),
('ABCD1370', 'TX', 3762, 0.83),
('ABCD1371', 'TX', 4866, 0.52),
('ABCD1372', 'TX', 1650, 0.36),
('ABCD1373', 'TX', 3408, 0.58),
('ABCD1374', 'TX', 4215, 0.78),
('ABCD1375', 'TX', 4969, 0.71),
('ABCD1376', 'TX', 3237, 0.13),
('ABCD1377', 'TX', 3297, 0.77),
('ABCD1378', 'TX', 3959, 0.38),
('ABCD1379', 'TX', 3399, 0.26),
('ABCD1380', 'TX', 1050, 0.02),
('ABCD1381', 'TX', 3950, 0.88),
('ABCD1382', 'TX', 2898, 0.73),
('ABCD1383', 'TX', 3709, 0.63),
('ABCD1384', 'TX', 3610, 0.53),
('ABCD1385', 'TX', 2056, 0.08),
('ABCD1386', 'TX', 4311, 0.96),
('ABCD1387', 'TX', 4298, 0.31),
('ABCD1388', 'TX', 1528, 0.07),
('ABCD1389', 'TX', 4874, 0.12),
('ABCD1390', 'TX', 2274, 0.53),
('ABCD1391', 'TX', 4172, 0.08),
('ABCD1392', 'TX', 4139, 0.68),
('ABCD1393', 'TX', 4397, 0.17),
('ABCD1394', 'TX', 3171, 0.85),
('ABCD1395', 'TX', 1715, 0.79),
('ABCD1396', 'TX', 2535, 0.93),
('ABCD1397', 'TX', 2358, 0.76),
('ABCD1398', 'TX', 3191, 0.98),
('ABCD1399', 'TX', 3107, 0.42),
('ABCD1400', 'TX', 3922, 0.59);