-- Insert into dim_product
INSERT IGNORE INTO dim_product (prod_sku_id, prod_sku_name, prod_brand, market_name) VALUES
('P472', 'iphone-13', 'Apple', 'Apple IPhone 13'),
('P473', 'iphone-13-promax', 'Apple', 'Apply IPhone 13 Pro Max'),
('P474', 'macbook-pro-13', 'Apple', 'Apple Macbook Pro 13\'\''),
('P475', 'macbook-air-13', 'Apple', 'Apple Makbook Air 13\'\''),
('P476', 'ipad', 'Apple', 'Apple IPad'),
('P477', 'ipad-pro', 'Apple', 'Apple IPad Pro'),
('P478', 'galaxy-s21', 'Samsung', 'Samsung Galaxy S21'),
('P479', 'galaxy-s22plus', 'Samsung', 'Samsung Galaxy S22+'),
('P480', 'galaxy-watch4', 'Samsung', 'Samsung Galaxy Watch4'),
('P481', 'galaxy-tab-a', 'Samsung', 'Samsung Galaxy Tab A'),
('P482', 'galaxy-tab-s8', 'Samsung', 'Samsung Galaxy Tab 8'),
('P483', 'xps-13', 'Dell', 'Dell XPS13'),
('P484', 'inspiron-13', 'Dell', 'Dell Inspiron 13'),
('P485', 'powershot-g7', 'Canon', 'Canon PowerShot G7 X Mark III'),
('P486', 'hero-10', 'GoPro', 'GoPro Hero 10'),
('P487', 'max', 'GoPro', 'GoPro Max'),
('P488', 'charge-5', 'JBL', 'JBL Charge 5'),
('P489', 'tuner-xl', 'JBL', 'JBL Tuner XL');
-- Insert into map_customer_territory
INSERT IGNORE INTO map_customer_territory (cust_id, territory_id) VALUES
('C273', 'T3'),
('C274', 'T3'),
('C275', 'T1'),
('C276', 'T1'),
('C277', 'T1'),
('C278', 'T2'),
('C279', 'T2'),
('C280', 'T4'),
('C281', 'T4'),
('C282', 'T4'),
('C283', 'T4'),
('C284', 'T5'),
('C285', 'T5'),
('C286', 'T3'),
('C287', 'T3');
-- Insert into fct_customer_sales
INSERT IGNORE INTO fct_customer_sales (cust_id, prod_sku_id, order_date, order_value, order_id) VALUES
('C274', 'P474', '2021-06-28', 1500, 'O110'),
('C285', 'P472', '2021-06-28', 899, 'O118'),
('C282', 'P487', '2021-06-30', 500, 'O125'),
('C282', 'P476', '2021-07-02', 999, 'O146'),
('C284', 'P487', '2021-07-07', 500, 'O149'),
('C285', 'P478', '2021-07-12', 700, 'O150'),
('C287', 'P489', '2021-07-13', 189, 'O151'),
('C284', 'P482', '2021-07-15', 725, 'O156'),
('C281', 'P482', '2021-07-19', 725, 'O164'),
('C282', 'P480', '2021-07-22', 300, 'O172'),
('C281', 'P477', '2021-07-23', 1400, 'O174'),
('C273', 'P487', '2021-07-26', 500, 'O181'),
('C287', 'P482', '2021-07-27', 725, 'O186'),
('C280', 'P482', '2021-07-30', 725, 'O190'),
('C282', 'P482', '2021-08-09', 725, 'O202'),
('C280', 'P475', '2021-08-10', 1200, 'O203'),
('C285', 'P487', '2021-08-11', 500, 'O219'),
('C282', 'P486', '2021-08-12', 420, 'O228'),
('C285', 'P479', '2021-08-12', 1020, 'O242'),
('C276', 'P477', '2021-08-13', 1400, 'O244'),
('C283', 'P476', '2021-08-18', 999, 'O246'),
('C285', 'P474', '2021-08-18', 1500, 'O275'),
('C273', 'P482', '2021-08-19', 725, 'O276'),
('C280', 'P474', '2020-08-19', 1500, 'O290'),
('C277', 'P480', '2021-08-23', 300, 'O293'),
('C284', 'P482', '2021-08-30', 725, 'O313'),
('C287', 'P479', '2021-08-31', 1020, 'O315'),
('C277', 'P484', '2021-09-08', 899, 'O322'),
('C275', 'P479', '2021-09-10', 1020, 'O336'),
('C275', 'P475', '2021-09-13', 1200, 'O337'),
('C283', 'P482', '2021-09-13', 725, 'O368'),
('C283', 'P486', '2021-09-14', 420, 'O371'),
('C282', 'P482', '2021-09-20', 725, 'O381'),
('C273', 'P487', '2021-09-23', 500, 'O385'),
('C285', 'P472', '2021-10-01', 899, 'O398'),
('C283', 'P475', '2021-10-04', 1200, 'O399'),
('C279', 'P479', '2021-10-04', 1020, 'O423'),
('C273', 'P472', '2021-10-06', 899, 'O430'),
('C274', 'P476', '2021-10-06', 999, 'O438'),
('C278', 'P478', '2021-10-08', 700, 'O445'),
('C278', 'P472', '2021-10-11', 899, 'O487'),
('C285', 'P486', '2021-10-12', 420, 'O500'),
('C273', 'P487', '2021-10-15', 500, 'O513'),
('C284', 'P489', '2021-10-18', 189, 'O518'),
('C283', 'P486', '2021-10-19', 420, 'O523'),
('C283', 'P477', '2021-10-22', 1400, 'O566'),
('C284', 'P472', '2021-10-25', 899, 'O567'),
('C277', 'P482', '2021-10-29', 725, 'O571'),
('C280', 'P482', '2021-11-03', 725, 'O599'),
('C278', 'P480', '2021-11-04', 300, 'O618'),
('C277', 'P489', '2021-11-05', 189, 'O620'),
('C281', 'P482', '2021-11-09', 725, 'O626'),
('C283', 'P480', '2021-11-11', 300, 'O645'),
('C284', 'P487', '2021-11-15', 500, 'O657'),
('C275', 'P479', '2021-11-19', 1020, 'O680'),
('C281', 'P479', '2021-11-22', 1020, 'O681'),
('C285', 'P480', '2021-11-22', 300, 'O713'),
('C284', 'P476', '2021-11-23', 999, 'O728'),
('C274', 'P485', '2011-11-24', 629, 'O745'),
('C286', 'P474', '2021-11-25', 1500, 'O747'),
('C286', 'P484', '2021-11-26', 899, 'O752'),
('C277', 'P472', '2021-11-29', 899, 'O776'),
('C281', 'P484', '2021-11-30', 899, 'O788'),
('C275', 'P474', '2021-12-01', 1500, 'O796'),
('C280', 'P475', '2021-12-03', 1200, 'O831'),
('C285', 'P480', '2021-12-10', 300, 'O834'),
('C286', 'P487', '2021-12-13', 500, 'O835'),
('C281', 'P476', '2021-12-15', 999, 'O844'),
('C284', 'P486', '2021-12-15', 420, 'O853'),
('C283', 'P478', '2021-12-16', 700, 'O858'),
('C285', 'P489', '2021-12-16', 189, 'O881'),
('C285', 'P484', '2021-12-20', 899, 'O887'),
('C286', 'P489', '2021-12-20', 189, 'O893'),
('C287', 'P485', '2021-12-24', 629, 'O906'),
('C280', 'P477', '2021-12-24', 1400, 'O922'),
('C276', 'P478', '2021-12-31', 700, 'O951'),
('C283', 'P486', '2022-01-03', 420, 'O963'),
('C281', 'P489', '2022-01-11', 189, 'O991');


-- Insert web log data
INSERT IGNORE INTO facebook_web_log (user_id, timestamp, action) VALUES
(0, '2019-04-25 13:30:15', 'page_load'),
(0, '2019-04-25 13:30:18', 'page_load'),
(0, '2019-04-25 13:30:40', 'scroll_down'),
(0, '2019-04-25 13:30:45', 'scroll_up'),
(0, '2019-04-25 13:31:10', 'scroll_down'),
(0, '2019-04-25 13:31:25', 'scroll_down'),
(0, '2019-04-25 13:31:40', 'page_exit'),
(1, '2019-04-25 13:40:00', 'page_load'),
(1, '2019-04-25 13:40:10', 'scroll_down'),
(1, '2019-04-25 13:40:15', 'scroll_down'),
(1, '2019-04-25 13:40:20', 'scroll_down'),
(1, '2019-04-25 13:40:25', 'scroll_down'),
(1, '2019-04-25 13:40:30', 'scroll_down'),
(1, '2019-04-25 13:40:35', 'page_exit'),
(2, '2019-04-25 13:41:21', 'page_load'),
(2, '2019-04-25 13:41:30', 'scroll_down'),
(2, '2019-04-25 13:41:35', 'scroll_down'),
(2, '2019-04-25 13:41:40', 'scroll_up'),
(1, '2019-04-26 11:15:00', 'page_load'),
(1, '2019-04-26 11:15:10', 'scroll_down'),
(1, '2019-04-26 11:15:20', 'scroll_down'),
(1, '2019-04-26 11:15:25', 'scroll_up'),
(1, '2019-04-26 11:15:35', 'page_exit'),
(0, '2019-04-28 14:30:15', 'page_load'),
(0, '2019-04-28 14:30:10', 'page_load'),
(0, '2019-04-28 13:30:40', 'scroll_down'),
(0, '2019-04-28 15:31:40', 'page_exit');


-- Insert transactions data
INSERT IGNORE INTO sf_transactions (id, created_at, transaction_value, purchase_id) VALUES
(1, '2019-01-01', 172692, 43),
(2, '2019-01-05', 177194, 36),
(3, '2019-01-09', 109513, 30),
(4, '2019-01-13', 164911, 30),
(5, '2019-01-17', 198872, 39),
(6, '2019-01-21', 184853, 31),
(7, '2019-01-25', 186817, 26),
(8, '2019-01-29', 137784, 22),
(9, '2019-02-02', 140032, 25),
(10, '2019-02-06', 116948, 43),
(11, '2019-02-10', 162515, 25),
(12, '2019-02-14', 114256, 12),
(13, '2019-02-18', 197465, 48),
(14, '2019-02-22', 120741, 20),
(15, '2019-02-26', 100074, 49),
(16, '2019-03-02', 157548, 19),
(17, '2019-03-06', 105506, 16),
(18, '2019-03-10', 189351, 46),
(19, '2019-03-14', 191231, 29),
(20, '2019-03-18', 120575, 44),
(21, '2019-03-22', 151688, 47),
(22, '2019-03-26', 102327, 18),
(23, '2019-03-30', 156147, 25),
(24, '2019-04-03', 192530, 36),
(25, '2019-04-07', 154765, 42),
(26, '2019-04-11', 113336, 12),
(27, '2019-04-15', 129073, 50),
(28, '2019-04-19', 123477, 21),
(29, '2019-04-23', 182142, 31),
(30, '2019-04-27', 116546, 39),
(31, '2019-05-01', 174748, 26),
(32, '2019-05-05', 155693, 42),
(33, '2019-05-09', 103012, 25),
(34, '2019-05-13', 187960, 33),
(35, '2019-05-17', 101202, 18),
(36, '2019-05-21', 112522, 10),
(37, '2019-05-25', 195969, 37),
(38, '2019-05-29', 117284, 40),
(39, '2019-06-02', 112956, 36),
(40, '2019-06-06', 174157, 29),
(41, '2019-06-10', 125975, 45),
(42, '2019-06-14', 110340, 29),
(43, '2019-06-18', 143066, 31),
(44, '2019-06-22', 153270, 11),
(45, '2019-06-26', 139635, 29),
(46, '2019-06-30', 157071, 35),
(47, '2019-07-04', 166552, 18),
(48, '2019-07-08', 197587, 34),
(49, '2019-07-12', 103958, 37),
(50, '2019-07-16', 111305, 28),
(51, '2019-07-20', 190266, 39),
(52, '2019-07-24', 116060, 44),
(53, '2019-07-28', 163802, 48),
(54, '2019-08-01', 188558, 21),
(55, '2019-08-05', 166528, 49),
(56, '2019-08-09', 141463, 28),
(57, '2019-08-13', 120110, 34),
(58, '2019-08-17', 159368, 12),
(59, '2019-08-21', 184900, 46),
(60, '2019-08-25', 190372, 38),
(61, '2019-08-29', 195877, 15),
(62, '2019-09-02', 143221, 21),
(63, '2019-09-06', 160413, 41),
(64, '2019-09-10', 183919, 43),
(65, '2019-09-14', 134535, 34),
(66, '2019-09-18', 188646, 31),
(67, '2019-09-22', 122706, 27),
(68, '2019-09-26', 160016, 21),
(69, '2019-09-30', 186777, 21),
(70, '2019-10-04', 165442, 50),
(71, '2019-10-08', 172445, 43),
(72, '2019-10-12', 167910, 21),
(73, '2019-10-16', 116646, 35),
(74, '2019-10-20', 163287, 15),
(75, '2019-10-24', 187293, 43),
(76, '2019-10-28', 144823, 11),
(77, '2019-11-01', 118317, 10),
(78, '2019-11-05', 166105, 38),
(79, '2019-11-09', 121128, 11),
(80, '2019-11-13', 177355, 38),
(81, '2019-11-17', 176442, 50),
(82, '2019-11-21', 129837, 10),
(83, '2019-11-25', 122363, 38),
(84, '2019-11-29', 125469, 10),
(85, '2019-12-03', 109657, 20),
(86, '2019-12-07', 108782, 35),
(87, '2019-12-11', 149235, 18),
(88, '2019-12-15', 187243, 36),
(89, '2019-12-19', 152538, 20),
(90, '2019-12-23', 178861, 34),
(91, '2019-12-27', 122675, 30),
(92, '2019-12-31', 104037, 18);
